name,status,finance_type,url
Joseph Paul Guerin,Active,TF,https://www.mainecampaignfinancedisclosure.com/public/filers/f_01kd8w6ftve6dak61qcer3bapq
Elizabeth Caruso,Active,TF,https://www.mainecampaignfinancedisclosure.com/public/filers/f_01k89h8gcqe2xs2kmpmx55yd8j
Jedediah J. Rice,Active,TF,https://www.mainecampaignfinancedisclosure.com/public/filers/f_01kf4eat87emk8zw7zzprbfv8w
Gregory L. Swallow,Active,TF,https://www.mainecampaignfinancedisclosure.com/public/filers/f_01k89h8gcrerstc7zysc3tmdah
Mark J. Blier,Active,TF,https://www.mainecampaignfinancedisclosure.com/public/filers/f_01k89h8gcqe2xs2kmph41n7fy1
Ann Marie Fredericks,Active,TF,https://www.mainecampaignfinancedisclosure.com/public/filers/f_01k89h8gcqe2xs2kmq0xamj5bj
Russell P. White,Active,MCEA,https://www.mainecampaignfinancedisclosure.com/public/filers/f_01kf4eat87emk8zw800xkb9rf7
Paul R Zimmerman,Active,TF,https://www.mainecampaignfinancedisclosure.com/public/filers/f_01kf4eat87emk8zw8005dqc3vb
William Look,Active,TF,https://www.mainecampaignfinancedisclosure.com/public/filers/f_01kn03e7cgfcvr3bab9v667qyr
Craig Hickman,Active,TF,https://www.mainecampaignfinancedisclosure.com/public/filers/f_01k89h8gcjegf9qpwdg9yraz62
Michael J. Lance,Active,TF,https://www.mainecampaignfinancedisclosure.com/public/filers/f_01kd8w6ftve6dak61qd29nz0j1
Gary Friedmann,Active,MCEA,https://www.mainecampaignfinancedisclosure.com/public/filers/f_01khrhbsjmej2b3nngc0pjyp3q
Allen Anthony Daggett,Active,TF,https://www.mainecampaignfinancedisclosure.com/public/filers/f_01kd8w6ftve6dak61qdf582ryp
Laurel Libby,Active,TF,https://www.mainecampaignfinancedisclosure.com/public/filers/f_01k89h8gcjegf9qpwdh7enr653
Shukri Idris Abdirahman,Active,TF,https://www.mainecampaignfinancedisclosure.com/public/filers/f_01k89h8gcqe2xs2kmpbxafd1x1
Laurie Osher,Active,MCEA,https://www.mainecampaignfinancedisclosure.com/public/filers/f_01kh7m1wzbfgsvdw68a98sd02h
Katrina J Smith,Active,TF,https://www.mainecampaignfinancedisclosure.com/public/filers/f_01k89h8gcqe2xs2kmr2s9nqz2x
Reagan LeeAnn Paul,Active,TF,https://www.mainecampaignfinancedisclosure.com/public/filers/f_01k89h8gcqe2xs2kmqs9y6wzh8
Marygrace Caroline Cimino,Active,TF,https://www.mainecampaignfinancedisclosure.com/public/filers/f_01k89h8gcqe2xs2kmpp9sc46nv
Robert Granger,Active,TF,https://www.mainecampaignfinancedisclosure.com/public/filers/f_01kh7rsm5afr4sffcdrypqm3vx
Susan Jane Wiswell,Active,TF,https://www.mainecampaignfinancedisclosure.com/public/filers/f_01k89h8gcrerstc7zyzn0zaqhw
Colby Michael Lapointe,Active,TF,https://www.mainecampaignfinancedisclosure.com/public/filers/f_01k89h8gcqe2xs2kmqdca9byex
Daniel Jesse Newman,Active,TF,https://www.mainecampaignfinancedisclosure.com/public/filers/f_01k89h8gcqe2xs2kmqq30wrvrb
Jeff Timberlake,Active,TF,https://www.mainecampaignfinancedisclosure.com/public/filers/f_01k89h8gcrerstc7zytrcm6kxt
ROBERT W NUTTING,Active,TF,https://www.mainecampaignfinancedisclosure.com/public/filers/f_01k89h8gcqe2xs2kmqqhee79sw
Bernard Robert Porter,Active,TF,https://www.mainecampaignfinancedisclosure.com/public/filers/f_01kf4eat87emk8zw803s9zw88e
Nathan J Wadsworth,Active,TF,https://www.mainecampaignfinancedisclosure.com/public/filers/f_01k89h8gcrerstc7zyx3v9ayq9
Mike Soboleski,Active,TF,https://www.mainecampaignfinancedisclosure.com/public/filers/f_01kkvep3cxfs3b3k1ksrrxeemq
Tiffany Strout,Active,MCEA,https://www.mainecampaignfinancedisclosure.com/public/filers/f_01kf4eat87emk8zw8024cmt5q8
Larry C. Dunphy,Active,TF,https://www.mainecampaignfinancedisclosure.com/public/filers/f_01kf4eat87emk8zw8021zhnq1a
Eric G. Samson,Active,TF,https://www.mainecampaignfinancedisclosure.com/public/filers/f_01kf4eat87emk8zw801pnnfdw4
Joel R Stetkis,Active,TF,https://www.mainecampaignfinancedisclosure.com/public/filers/f_01k89h8gcjegf9qpwdkvsnbmqf
Bradlee T. Farrin,Active,TF,https://www.mainecampaignfinancedisclosure.com/public/filers/f_01k89h8gcqe2xs2kmpzk3p8fvs
Benjamin Charles Hymes,Active,TF,https://www.mainecampaignfinancedisclosure.com/public/filers/f_01k89h8gcqe2xs2kmq8xtn7qz3
Lisa Keim,Active,TF,https://www.mainecampaignfinancedisclosure.com/public/filers/f_01k89h8gcqe2xs2kmqbmnebmqc
Joseph Charles Perry,Active,TF,https://www.mainecampaignfinancedisclosure.com/public/filers/f_01k89h8gcqe2xs2kmqt4ec90mr
Dean A. Cray,Active,TF,https://www.mainecampaignfinancedisclosure.com/public/filers/f_01k89h8gcqe2xs2kmprr4x5s1f
Wendy Lee MacDowell,Active,TF,https://www.mainecampaignfinancedisclosure.com/public/filers/f_01k89h8gcqe2xs2kmqg9h9zwz4
Anne Carney,Active,TF,https://www.mainecampaignfinancedisclosure.com/public/filers/f_01k89h8gcqe2xs2kmpmhz41yc3
"Andre E Cushing, III",Active,TF,https://www.mainecampaignfinancedisclosure.com/public/filers/f_01k89h8gcqe2xs2kmpsrerf7c0
Robert A. Foley,Active,TF,https://www.mainecampaignfinancedisclosure.com/public/filers/f_01k89h8gcqe2xs2kmq09tn3mb7
Stacey K Guerin,Active,TF,https://www.mainecampaignfinancedisclosure.com/public/filers/f_01k89h8gcqe2xs2kmq4naz74f7
Kenneth Blow,Active,TF,https://www.mainecampaignfinancedisclosure.com/public/filers/f_01kjr2sc50faqs7p75db4pksfp
Jacqueline Sartoris,Active,TF,https://www.mainecampaignfinancedisclosure.com/public/filers/f_01khbq85pnfxvtprpxr7ckvwwr
Mallory Aaren Cook,Active,MCEA,https://www.mainecampaignfinancedisclosure.com/public/filers/f_01kd8w6ftweefsxt0ca3d1pazm
Nicole C Grohoski,Active,MCEA,https://www.mainecampaignfinancedisclosure.com/public/filers/f_01kf4eat87emk8zw7zqfqnn445
Charlotte Nutt,Active,MCEA,https://www.mainecampaignfinancedisclosure.com/public/filers/f_01kf4eat87emk8zw7zqh9vc9yv
Joseph Edward Martin,Active,TF,https://www.mainecampaignfinancedisclosure.com/public/filers/f_01kf4eat87emk8zw7zrcsdh9mh
Marpheen Chann,Active,TF,https://www.mainecampaignfinancedisclosure.com/public/filers/f_01kd8w6ftweefsxt0cagpr8s9w
Nicolas John Hamlin,Active,MCEA,https://www.mainecampaignfinancedisclosure.com/public/filers/f_01kf4eat87emk8zw7zr42jeg96
Scott A. Harriman (Special),Active,TF,https://www.mainecampaignfinancedisclosure.com/public/filers/f_01kf4eat87emk8zw7zrgb26jft
Scott Allen Seekins,Active,TF,https://www.mainecampaignfinancedisclosure.com/public/filers/f_01kd8w6ftweefsxt0c9tvxtc07
PATRICK JUDE,Active,MCEA,https://www.mainecampaignfinancedisclosure.com/public/filers/f_01kf4eat87emk8zw7zscfjaahz
Suzanne M. Salisbury,Active,TF,https://www.mainecampaignfinancedisclosure.com/public/filers/f_01k89h8gcqe2xs2kmqzkn0b5se
Susan M Austin,Active,TF,https://www.mainecampaignfinancedisclosure.com/public/filers/f_01k89h8gcqe2xs2kmpdwttca8z
NATHAN M CARLOW,Active,TF,https://www.mainecampaignfinancedisclosure.com/public/filers/f_01k89h8gcqe2xs2kmpm8kbx1h3
Deqa Abdi Dhalac,Active,TF,https://www.mainecampaignfinancedisclosure.com/public/filers/f_01k89h8gcqe2xs2kmpvde52agm
Andrew M Gattine,Active,TF,https://www.mainecampaignfinancedisclosure.com/public/filers/f_01k89h8gcqe2xs2kmq1wcwjats
Nancy E. Hammond,Active,TF,https://www.mainecampaignfinancedisclosure.com/public/filers/f_01k89h8gckednv4esw0581rk44
Caleb Joseph Chase,Active,MCEA,https://www.mainecampaignfinancedisclosure.com/public/filers/f_01kf4eat87emk8zw802fs32kqw
Madison Cook,Active,MCEA,https://www.mainecampaignfinancedisclosure.com/public/filers/f_01kf4eat87emk8zw803xgpvaxq
Cameron Reny,Active,MCEA,https://www.mainecampaignfinancedisclosure.com/public/filers/f_01kf4eat87emk8zw802r6qsmqj
Clinton Collamore,Active,TF,https://www.mainecampaignfinancedisclosure.com/public/filers/f_01kf4eat87emk8zw805hf3gecd
Matthew James Boucher,Active,TF,https://www.mainecampaignfinancedisclosure.com/public/filers/f_01kf4eat87emk8zw802jren81e
Joseph Pietroski,Active,TF,https://www.mainecampaignfinancedisclosure.com/public/filers/f_01kf4eat87emk8zw8042s9q68t
Robert Andrews,Active,TF,https://www.mainecampaignfinancedisclosure.com/public/filers/f_01kn7691m3exxse3vb0t8kta1s
D. Michael Ray,Active,MCEA,https://www.mainecampaignfinancedisclosure.com/public/filers/f_01kf4eat87emk8zw804hsgnc0v
Tanya Belanger,Active,TF,https://www.mainecampaignfinancedisclosure.com/public/filers/f_01kf4eat87emk8zw804y3tdnp1
Lloyd C. Herrick,Active,TF,https://www.mainecampaignfinancedisclosure.com/public/filers/f_01kf4eat87emk8zw803pwknzje
Kevin J. Joyce,Active,TF,https://www.mainecampaignfinancedisclosure.com/public/filers/f_01kf4eat87emk8zw804mb0bv0s
Andrew Parker,Active,TF,https://www.mainecampaignfinancedisclosure.com/public/filers/f_01khrk63bkfc9v8qct98rjbbxj
Alexandros Orestis,Active,MCEA,https://www.mainecampaignfinancedisclosure.com/public/filers/f_01k89h8gcjegf9qpwdjh195cxy
Hannah Pingree,Active,TF,https://www.mainecampaignfinancedisclosure.com/public/filers/f_01k89h8gcjegf9qpwdk7sh8g2x
Vaughn J Mclaughlin,Active,MCEA,https://www.mainecampaignfinancedisclosure.com/public/filers/f_01k89h8gcjegf9qpwdhtvjtpxz
Danny E Costain,Active,TF,https://www.mainecampaignfinancedisclosure.com/public/filers/f_01k89h8gchec793758q5em2y1d
Jason G Litalien,Active,TF,https://www.mainecampaignfinancedisclosure.com/public/filers/f_01k89h8gcjegf9qpwdh8ya7bza
Michael Dubois,Active,TF,https://www.mainecampaignfinancedisclosure.com/public/filers/f_01k89h8gchec793758qqnhq6mc
Andrew R. Torbett,Active,TF,https://www.mainecampaignfinancedisclosure.com/public/filers/f_01k89h8gcjegf9qpwdm13m7rp3
Paul R Flynn,Active,TF,https://www.mainecampaignfinancedisclosure.com/public/filers/f_01k89h8gchec793758r62davwz
"Marc G. Malon, II",Active,TF,https://www.mainecampaignfinancedisclosure.com/public/filers/f_01k89h8gcjegf9qpwdhgb4hbsj
OWEN MCCARTHY,Active,TF,https://www.mainecampaignfinancedisclosure.com/public/filers/f_01k89h8gcjegf9qpwdhqxyxxe2
Brendan Kernan Williams,Active,TF,https://www.mainecampaignfinancedisclosure.com/public/filers/f_01k89h8gcrerstc7zyzayhxb1a
Kristen Sarah Cloutier,Active,TF,https://www.mainecampaignfinancedisclosure.com/public/filers/f_01k89h8gcqe2xs2kmppvw2rswn
Douglas Keith Damon,Active,TF,https://www.mainecampaignfinancedisclosure.com/public/filers/f_01k89h8gckednv4esv7pj28x0q
Scott Seekins,Active,TF,https://www.mainecampaignfinancedisclosure.com/public/filers/f_01k89h8gcnemeasy5jqk2h8axz
"Roger E. Densmore, III",Active,TF,https://www.mainecampaignfinancedisclosure.com/public/filers/f_01k89h8gckednv4esv9ya4mgj6
Richard H. Campbell,Active,TF,https://www.mainecampaignfinancedisclosure.com/public/filers/f_01kf4eat87emk8zw7zv7gqc8k5
Edwin M. Mitchell,Active,MCEA,https://www.mainecampaignfinancedisclosure.com/public/filers/f_01kf4eat87emk8zw7zt07ztc0j
Randall Adam Greenwood,Active,MCEA,https://www.mainecampaignfinancedisclosure.com/public/filers/f_01kf4eat87emk8zw7zvbb3aaqe
Kiernan I. Majerus-Collins (Special),Active,TF,https://www.mainecampaignfinancedisclosure.com/public/filers/f_01kf4eat87emk8zw7ztfcjhs70
James Brent Kane,Active,TF,https://www.mainecampaignfinancedisclosure.com/public/filers/f_01kf4eat87emk8zw801k4z40az
Brady Alden Clark,Active,TF,https://www.mainecampaignfinancedisclosure.com/public/filers/f_01kf4eat87emk8zw7zxa92m2rk
Dale John Crafts,Active,TF,https://www.mainecampaignfinancedisclosure.com/public/filers/f_01kf4eat87emk8zw7zwbq9rs0h
Susan F Bulay,Active,TF,https://www.mainecampaignfinancedisclosure.com/public/filers/f_01kf4eat87emk8zw7zwgh7k8ab
Louis Samuel Pfeifle,Active,MCEA,https://www.mainecampaignfinancedisclosure.com/public/filers/f_01kf4eat87emk8zw7zw65qdny7
"Ray Alden Thombs, Jr.",Active,TF,https://www.mainecampaignfinancedisclosure.com/public/filers/f_01k89h8gcrerstc7zytdtang1z
Benjamin Chipman,Active,TF,https://www.mainecampaignfinancedisclosure.com/public/filers/f_01k89h8gcqe2xs2kmpnw8tk7ns
Caldwell Jackson,Active,TF,https://www.mainecampaignfinancedisclosure.com/public/filers/f_01k89h8gcqe2xs2kmq9c6kq1tb
John G. Janelle,Active,TF,https://www.mainecampaignfinancedisclosure.com/public/filers/f_01k89h8gcqe2xs2kmq9rnbazjb
DANIEL LAPOINTE,Active,TF,https://www.mainecampaignfinancedisclosure.com/public/filers/f_01k89h8gcqe2xs2kmqdh1982ck
Arthur K Mingo,Active,TF,https://www.mainecampaignfinancedisclosure.com/public/filers/f_01k89h8gcqe2xs2kmqmsacxmbm
Rachel Talbot Ross,Active,TF,https://www.mainecampaignfinancedisclosure.com/public/filers/f_01k89h8gcrerstc7zysncdayhw
Joseph M. Baldacci,Active,TF,https://www.mainecampaignfinancedisclosure.com/public/filers/f_01k89h8gcqe2xs2kmpekgw93cf
Randall C. Hall,Active,TF,https://www.mainecampaignfinancedisclosure.com/public/filers/f_01k89h8gcqe2xs2kmq5cey92tc
Beth A O'Connor,Active,TF,https://www.mainecampaignfinancedisclosure.com/public/filers/f_01k89h8gcmembr11gk5757xfgq
Dylan Pugh,Active,TF,https://www.mainecampaignfinancedisclosure.com/public/filers/f_01k89h8gcqe2xs2kmqw41f1as6
Karin Orenstein,Active,MCEA,https://www.mainecampaignfinancedisclosure.com/public/filers/f_01kh52d1pje9sasn3zdh2k5k9z
Ann Higgins Matlack,Active,MCEA,https://www.mainecampaignfinancedisclosure.com/public/filers/f_01kd8w6ftve6dak61qabe2se84
David Roland Mongeau II,Active,MCEA,https://www.mainecampaignfinancedisclosure.com/public/filers/f_01kd8w6ftve6dak61q8wmzh7dy
Bobby J Mills,Active,TF,https://www.mainecampaignfinancedisclosure.com/public/filers/f_01k89h8gcjegf9qpwdj6b63r4c
Jantzen Stephen Craine,Active,TF,https://www.mainecampaignfinancedisclosure.com/public/filers/f_01kd8w6ftve6dak61q8n0axfbw
Kenneth Wade Fredette,Active,TF,https://www.mainecampaignfinancedisclosure.com/public/filers/f_01kd8w6ftve6dak61qa4e9pmqh
Katrina J Smith,Active,TF,https://www.mainecampaignfinancedisclosure.com/public/filers/f_01kd8w6ftve6dak61q9s9hv47g
Randall Douglas Gauvin,Active,TF,https://www.mainecampaignfinancedisclosure.com/public/filers/f_01k89h8gchec793758rfsefsdf
Sharon C. Frost,Active,TF,https://www.mainecampaignfinancedisclosure.com/public/filers/f_01k89h8gchec793758r8enymtk
Jamie K Newton,Active,TF,https://www.mainecampaignfinancedisclosure.com/public/filers/f_01kd8w6ftve6dak61q95zhtbwm
Nicole Lynn Kalloch,Active,TF,https://www.mainecampaignfinancedisclosure.com/public/filers/f_01kd8w6ftve6dak61qac013eqh
Jacqueline Anne Sartoris,Active,TF,https://www.mainecampaignfinancedisclosure.com/public/filers/f_01k89h8gcnemeasy5jnzwn50t2
"Neil E. McLean, Jr.",Active,TF,https://www.mainecampaignfinancedisclosure.com/public/filers/f_01k89h8gcmembr11gjv8bxq0v5
Michelle M Kane,Active,TF,https://www.mainecampaignfinancedisclosure.com/public/filers/f_01kf4eat87emk8zw8075cnzrz8
Victoria Porter Kornfield,Active,MCEA,https://www.mainecampaignfinancedisclosure.com/public/filers/f_01kf4eat87emk8zw807zy2jp5w
Jeff Adams,Active,TF,https://www.mainecampaignfinancedisclosure.com/public/filers/f_01kf4eat87emk8zw807kwz9n20
Joshua Morris,Active,TF,https://www.mainecampaignfinancedisclosure.com/public/filers/f_01kd8w6ftve6dak61qarpcvj50
Matthew Moonen,Active,TF,https://www.mainecampaignfinancedisclosure.com/public/filers/f_01kf4eat87emk8zw808fjwwyvg
Dale P. Lancaster,Active,TF,https://www.mainecampaignfinancedisclosure.com/public/filers/f_01k89h8gckednv4eswfgr47wn0
"Joseph J. Pietroski, Jr.",Active,TF,https://www.mainecampaignfinancedisclosure.com/public/filers/f_01k89h8gcmembr11gkck0hfmzt
Peter Conley Wood,Active,TF,https://www.mainecampaignfinancedisclosure.com/public/filers/f_01k89h8gcrerstc7zz00maysy4
Abigail W. Griffin,Active,TF,https://www.mainecampaignfinancedisclosure.com/public/filers/f_01k89h8gcqe2xs2kmq4c1zzzp6
Elizabeth A. Jordan,Active,TF,https://www.mainecampaignfinancedisclosure.com/public/filers/f_01k89h8gcqe2xs2kmqav21h36w
Thomas Arthur Lavigne,Active,TF,https://www.mainecampaignfinancedisclosure.com/public/filers/f_01k89h8gcqe2xs2kmqe3z90p5a
Jamie Lee Hopkins,Active,TF,https://www.mainecampaignfinancedisclosure.com/public/filers/f_01k89h8gcqe2xs2kmq7ms5vawn
Margaret Wheeler,Active,TF,https://www.mainecampaignfinancedisclosure.com/public/filers/f_01knhfre61fmxsj9wdkys623sb
Frank Joseph Casella,Active,MCEA,https://www.mainecampaignfinancedisclosure.com/public/filers/f_01kf4eat87emk8zw7zy6jmmzc7
Kristine A. Poland,Active,MCEA,https://www.mainecampaignfinancedisclosure.com/public/filers/f_01kf4eat87emk8zw7zyac045ck
Brian Thomas,Active,TF,https://www.mainecampaignfinancedisclosure.com/public/filers/f_01knb17hzverwt9jb9bmqzzwr8
Donald James Ardell,Active,TF,https://www.mainecampaignfinancedisclosure.com/public/filers/f_01k89h8gcqe2xs2kmpdfyx4bqy
Amanda Noelle Collamore,Active,TF,https://www.mainecampaignfinancedisclosure.com/public/filers/f_01k89h8gcqe2xs2kmpq8jcbz5p
Tavis Rock Hasenfus,Active,TF,https://www.mainecampaignfinancedisclosure.com/public/filers/f_01k89h8gcqe2xs2kmq62jmr5ap
Kerryl Lee Clement,Active,MCEA,https://www.mainecampaignfinancedisclosure.com/public/filers/f_01kf4eat87emk8zw7ztxa2qsgj
"John E Ducharme, III",Active,TF,https://www.mainecampaignfinancedisclosure.com/public/filers/f_01k89h8gcqe2xs2kmpxbedtyqr
Doris A Poland,Active,TF,https://www.mainecampaignfinancedisclosure.com/public/filers/f_01k89h8gcqe2xs2kmqvae0c0zv
John Baldwin,Active,MCEA,https://www.mainecampaignfinancedisclosure.com/public/filers/f_01kmn2mc8hecpsehgkg0hneymq
Shenna Bellows,Active,TF,https://www.mainecampaignfinancedisclosure.com/public/filers/f_01k89h8gchec793758p1xtjrkn
Clinton  Brooks,Active,MCEA,https://www.mainecampaignfinancedisclosure.com/public/filers/f_01kkyf9r4feyct0155j1gyz7as
"Charles Hippler, IV",Active,TF,https://www.mainecampaignfinancedisclosure.com/public/filers/f_01kh9af49vfg4aa1zk0wwbfqdw
Katie Brydon,Active,MCEA,https://www.mainecampaignfinancedisclosure.com/public/filers/f_01khvrhqj1eccv4m244ck7617q
Mary Shannon Lindstrom,Active,MCEA,https://www.mainecampaignfinancedisclosure.com/public/filers/f_01khvnk58we98swfgc2j11awmw
Michael Tipping,Active,MCEA,https://www.mainecampaignfinancedisclosure.com/public/filers/f_01kd8w6ftve6dak61qc990a1zp
Diana Kushnar,Active,TF,https://www.mainecampaignfinancedisclosure.com/public/filers/f_01kh520nqvfb49vj94drp9twss
Michelle Conners,Active,MCEA,https://www.mainecampaignfinancedisclosure.com/public/filers/f_01kkfgm7m1e89bcny8jm7afmr8
Amy Leshure,Active,TF,https://www.mainecampaignfinancedisclosure.com/public/filers/f_01kh54mpjzetdbsge83t58m804
Justin Tahai,Active,TF,https://www.mainecampaignfinancedisclosure.com/public/filers/f_01kh526dz9ejb99kxe4rera9pg
Marc Anthony Boisse,Active,TF,https://www.mainecampaignfinancedisclosure.com/public/filers/f_01k89h8gchec793758p8szjznm
Guy Dow,Active,TF,https://www.mainecampaignfinancedisclosure.com/public/filers/f_01kh6mtffmfeab0c2rkv45138a
Christopher Easton,Active,MCEA,https://www.mainecampaignfinancedisclosure.com/public/filers/f_01kh540px5fc9t4q0ydv9wpgg3
Brian Pellerin,Active,TF,https://www.mainecampaignfinancedisclosure.com/public/filers/f_01kh6k52ejffds70zk9w06p6ad
Kevin Nichols,Active,TF,https://www.mainecampaignfinancedisclosure.com/public/filers/f_01kh6sz6asfe1t60m1q7x7f724
Suzanne Salisbury,Active,MCEA,https://www.mainecampaignfinancedisclosure.com/public/filers/f_01kh557r74ff9a1be3rvmfrt2y
Jennifer Mayher,Active,MCEA,https://www.mainecampaignfinancedisclosure.com/public/filers/f_01kh53v1afek98sd5cgxn71est
Taylor West,Active,MCEA,https://www.mainecampaignfinancedisclosure.com/public/filers/f_01kh52m79ae6sat8n6wxjtpsyq
John Andrews,Active,TF,https://www.mainecampaignfinancedisclosure.com/public/filers/f_01k89h8gchec793758ntykfqfa
Kristen Marie Card,Active,TF,https://www.mainecampaignfinancedisclosure.com/public/filers/f_01k89h8gckednv4estvcs3yhc7
Elise S Brown,Active,TF,https://www.mainecampaignfinancedisclosure.com/public/filers/f_01k89h8gcqe2xs2kmpjm5bb4ty
Aaron Dana,Active,MCEA,https://www.mainecampaignfinancedisclosure.com/public/filers/f_01kj8bcwvpfxs9gnx7ds7v5h55
Nancy McDowell,Active,MCEA,https://www.mainecampaignfinancedisclosure.com/public/filers/f_01km8ceamnfw98fetr24zx18f2
Sally Cluchey,Active,MCEA,https://www.mainecampaignfinancedisclosure.com/public/filers/f_01kh7m9ke7f8hrvtrvk3q9z0v3
James Michael Michaud,Active,TF,https://www.mainecampaignfinancedisclosure.com/public/filers/f_01kf4eat87emk8zw80080r9anc
James E Thorne,Active,MCEA,https://www.mainecampaignfinancedisclosure.com/public/filers/f_01k89h8gcjegf9qpwdky367vgq
Harold Stewart III,Active,MCEA,https://www.mainecampaignfinancedisclosure.com/public/filers/f_01kf4eat87emk8zw7zypzq9sdp
Ryan Morgan,Active,TF,https://www.mainecampaignfinancedisclosure.com/public/filers/f_01kkvwzw38eqxa6ydzh7h9a9zf
Rebecca Stephens,Active,TF,https://www.mainecampaignfinancedisclosure.com/public/filers/f_01khrpd8vxfecsb4csc0s0w8wq
Michelle Tucker,Active,TF,https://www.mainecampaignfinancedisclosure.com/public/filers/f_01kjb5shgnfnvb532es240zj7j
Michael Dixon,Active,MCEA,https://www.mainecampaignfinancedisclosure.com/public/filers/f_01kh54b61tevxsk81mxvn7kn5r
Joschka Winterling,Active,MCEA,https://www.mainecampaignfinancedisclosure.com/public/filers/f_01kh51rj98e8rrxtx82jgfwax8
Joseph McLaughlin,Active,TF,https://www.mainecampaignfinancedisclosure.com/public/filers/f_01kjart9mffbwr2f7pn3twdfmp
Richard Bennett,Active,TF,https://www.mainecampaignfinancedisclosure.com/public/filers/f_01k89h8gchec793758p61wtfg5
Maura H Pillsbury,Active,MCEA,https://www.mainecampaignfinancedisclosure.com/public/filers/f_01kf4eat87emk8zw8058t8vv2j
Melanie Tompkins,Active,TF,https://www.mainecampaignfinancedisclosure.com/public/filers/f_01kmg37dfgfaet6redc3mab962
Wendy Caiazzo,Active,TF,https://www.mainecampaignfinancedisclosure.com/public/filers/f_01khvxq0hke4ws7sgfqgektehp
Jonathan Bush,Active,TF,https://www.mainecampaignfinancedisclosure.com/public/filers/f_01kd8w6ftve6dak61qaprd8ent
"John Michael Glowa, Sr.",Active,TF,https://www.mainecampaignfinancedisclosure.com/public/filers/f_01k89h8gchec793758rqcwhq2q
Robert B. Charles,Active,TF,https://www.mainecampaignfinancedisclosure.com/public/filers/f_01k89h8gchec793758ps9e4z21
David John Jones,Active,TF,https://www.mainecampaignfinancedisclosure.com/public/filers/f_01k89h8gcjegf9qpwdgpxwtedt
"Angus S. King, III",Active,TF,https://www.mainecampaignfinancedisclosure.com/public/filers/f_01k89h8gcjegf9qpwdgspj23sn
Michael Brayson,Active,MCEA,https://www.mainecampaignfinancedisclosure.com/public/filers/f_01kkhznfm2f7db6fcen2k3c0ak
James F. Dill,Active,MCEA,https://www.mainecampaignfinancedisclosure.com/public/filers/f_01kf4eat87emk8zw80155agnc3
Mana Hared Abdi,Active,MCEA,https://www.mainecampaignfinancedisclosure.com/public/filers/f_01kf4eat87emk8zw8081x2yahg
David Sinclair,Active,MCEA,https://www.mainecampaignfinancedisclosure.com/public/filers/f_01kh7q2ysefn8tvdxq131wrxr4
Robert J. Wessels,Active,TF,https://www.mainecampaignfinancedisclosure.com/public/filers/f_01k89h8gcjegf9qpwdm66hzngj
Stephen Carey,Active,MCEA,https://www.mainecampaignfinancedisclosure.com/public/filers/f_01km0zn7n3fvdb6wk90pgx7d24
David Giles,Active,TF,https://www.mainecampaignfinancedisclosure.com/public/filers/f_01k89h8gchec793758rg3x0h7a
Holly Rae Eaton,Active,MCEA,https://www.mainecampaignfinancedisclosure.com/public/filers/f_01khxwqn84ftjrbcqrt8e81zgn
Nirav Shah,Active,TF,https://www.mainecampaignfinancedisclosure.com/public/filers/f_01kd8w6ftve6dak61qb6h6va1w
Peter G. Violette,Active,MCEA,https://www.mainecampaignfinancedisclosure.com/public/filers/f_01kf4eat87emk8zw7zrnznr7nt
Garrett Paul Mason,Active,TF,https://www.mainecampaignfinancedisclosure.com/public/filers/f_01kf4eat87emk8zw801yf9banj
Michael Sweeny Flanagan,Active,MCEA,https://www.mainecampaignfinancedisclosure.com/public/filers/f_01kd8w6ftweefsxt0ca582k5bm
Irene Gifford,Active,MCEA,https://www.mainecampaignfinancedisclosure.com/public/filers/f_01kh7mp7mqf88rwddyy03947r8
Michele Meyer,Active,MCEA,https://www.mainecampaignfinancedisclosure.com/public/filers/f_01k89h8gcjegf9qpwdhzv5nqe1
Rebecca Lynn Flood Andrews,Active,MCEA,https://www.mainecampaignfinancedisclosure.com/public/filers/f_01km30qdyyf4sbpf6bm5qzzrn4
Todd Michael Davis,Active,MCEA,https://www.mainecampaignfinancedisclosure.com/public/filers/f_01kf4eat87emk8zw8061te5wvw
Jason Cherry,Active,TF,https://www.mainecampaignfinancedisclosure.com/public/filers/f_01kkhac7rafydaefcfm5t2xjg3
Michael J. Nicholson,Active,TF,https://www.mainecampaignfinancedisclosure.com/public/filers/f_01kd8w6ftweefsxt0c9gjms69h
Mark Vigliotta,Active,MCEA,https://www.mainecampaignfinancedisclosure.com/public/filers/f_01kh7q8034emg9fjvk15q82v6n
Cory Raymond,Active,TF,https://www.mainecampaignfinancedisclosure.com/public/filers/f_01kh7sp9p3fgtv5kbpq4t939pj
Gordon Powell Street,Active,MCEA,https://www.mainecampaignfinancedisclosure.com/public/filers/f_01kf4eat87emk8zw8095ykjga1
Michael Hobart Cunningham II,Active,MCEA,https://www.mainecampaignfinancedisclosure.com/public/filers/f_01kk9gv56zfmtbj2fycfrhe94f
John Robert Henkelman III,Active,MCEA,https://www.mainecampaignfinancedisclosure.com/public/filers/f_01kf4eat87emk8zw7ztqbvn1zh
Suzanne R. Andresen,Active,MCEA,https://www.mainecampaignfinancedisclosure.com/public/filers/f_01kf4eat87emk8zw7zvq8nst9d
Matthew A. Harrington,Active,TF,https://www.mainecampaignfinancedisclosure.com/public/filers/f_01kf4eat87emk8zw805y20tryt
James Lee White,Active,TF,https://www.mainecampaignfinancedisclosure.com/public/filers/f_01k89h8gcjegf9qpwdmbj0nrhj
Shawn Leroy Lancaster,Active,TF,https://www.mainecampaignfinancedisclosure.com/public/filers/f_01kd8w6ftve6dak61q9jta98cn
Scott Doherty,Active,TF,https://www.mainecampaignfinancedisclosure.com/public/filers/f_01km3xczm0f5qra85tx16bmsjt
Sean Mahoney,Active,MCEA,https://www.mainecampaignfinancedisclosure.com/public/filers/f_01kf4eat87emk8zw7zsxk0cdq4
Robert Kelly,Active,MCEA,https://www.mainecampaignfinancedisclosure.com/public/filers/f_01kh53mqm7f5rv5eyxxqv33444
Gail Eaton,Active,TF,https://www.mainecampaignfinancedisclosure.com/public/filers/f_01kkf5tycyf2m80kvwmfyzbdwf
Catherine H Moore,Active,TF,https://www.mainecampaignfinancedisclosure.com/public/filers/f_01kf4eat87emk8zw8079ecg1q7
Nancy Jean Theriault,Active,MCEA,https://www.mainecampaignfinancedisclosure.com/public/filers/f_01kd8w6ftweefsxt0ca9m9pbxn
Jacob Murray Wakem,Active,TF,https://www.mainecampaignfinancedisclosure.com/public/filers/f_01kky9j78rehzr1k7ft4aakqav
Trevor Alex Doiron,Active,MCEA,https://www.mainecampaignfinancedisclosure.com/public/filers/f_01kf4eat87emk8zw7zqryby5fm
Kristin Tyra Davis,Active,MCEA,https://www.mainecampaignfinancedisclosure.com/public/filers/f_01kf4eat87emk8zw8018qdk700
Holly Taylor Sargent,Active,MCEA,https://www.mainecampaignfinancedisclosure.com/public/filers/f_01kf4eat87emk8zw7zy0j60956
Valli D. Geiger,Active,MCEA,https://www.mainecampaignfinancedisclosure.com/public/filers/f_01kf4eat87emk8zw8071c1k83d
Wayne K. Farrin,Active,MCEA,https://www.mainecampaignfinancedisclosure.com/public/filers/f_01kf4eat87emk8zw7zyzn2skex
Tom Keefe,Active,TF,https://www.mainecampaignfinancedisclosure.com/public/filers/f_01kjajr541ftj82wd4j6nwres6
Gordon Frohloff,Active,TF,https://www.mainecampaignfinancedisclosure.com/public/filers/f_01km3y9dngf5dtp2qhe0rqy52x
Kimberly M. Haggan,Active,MCEA,https://www.mainecampaignfinancedisclosure.com/public/filers/f_01kf4eat87emk8zw802wn940m2
Karen Montell,Active,MCEA,https://www.mainecampaignfinancedisclosure.com/public/filers/f_01kh7pcetre5crw1e4hexef17e
Lisa Cesare,Active,TF,https://www.mainecampaignfinancedisclosure.com/public/filers/f_01kmgt2m43fpvb84k6m6c3dd3m
Elizabeth Caruso,Active,MCEA,https://www.mainecampaignfinancedisclosure.com/public/filers/f_01kd8w6ftweefsxt0camvr8f9j
Glenn Mower,Active,TF,https://www.mainecampaignfinancedisclosure.com/public/filers/f_01kj2vsb12f3st36yj96vafrpy
Eryn Soule,Active,MCEA,https://www.mainecampaignfinancedisclosure.com/public/filers/f_01khyhyj3vexbs3x17f5mcpq2v
David G. Haggan,Active,MCEA,https://www.mainecampaignfinancedisclosure.com/public/filers/f_01kf4eat87emk8zw80332jnkf9
John Reny,Active,MCEA,https://www.mainecampaignfinancedisclosure.com/public/filers/f_01kf4eat87emk8zw7zr1mj9q75
Harold Hull,Active,TF,https://www.mainecampaignfinancedisclosure.com/public/filers/f_01kjx1zyakexy9qkgg638cymnm
"Stanley Short, Jr.",Active,TF,https://www.mainecampaignfinancedisclosure.com/public/filers/f_01khstq3jte6eabvk0kwh29a55
Billy Bob Faulkingham,Active,TF,https://www.mainecampaignfinancedisclosure.com/public/filers/f_01kh7rd5bjfyts6f6rnzy853jp
Benjamin Midgley,Active,TF,https://www.mainecampaignfinancedisclosure.com/public/filers/f_01k89h8gcjegf9qpwdj35cyd8c
Guy Lebida,Active,TF,https://www.mainecampaignfinancedisclosure.com/public/filers/f_01khgtmd9kfw0s1d6s9cjedg49
Seven Siegel,Active,MCEA,https://www.mainecampaignfinancedisclosure.com/public/filers/f_01kj8373fketn8bethv06tkj8t
Deane Rykerson,Active,MCEA,https://www.mainecampaignfinancedisclosure.com/public/filers/f_01kd8w6ftve6dak61qc28b2kj0
Andrew Laverdiere,Active,TF,https://www.mainecampaignfinancedisclosure.com/public/filers/f_01kj8r7chtftysh4585hd8v35v
Tammy Schmersal-Burgess,Active,MCEA,https://www.mainecampaignfinancedisclosure.com/public/filers/f_01kf4eat87emk8zw8028a729bm
William R Tuell,Active,MCEA,https://www.mainecampaignfinancedisclosure.com/public/filers/f_01kf4eat87emk8zw7zx37px971
Michael Lemelin,Active,TF,https://www.mainecampaignfinancedisclosure.com/public/filers/f_01kf4eat87emk8zw7zv2tp5t6f
Tavis Hasenfus,Active,TF,https://www.mainecampaignfinancedisclosure.com/public/filers/f_01km10v49nefgagt1pjbvgd2eh
Marc  Edwards,Active,MCEA,https://www.mainecampaignfinancedisclosure.com/public/filers/f_01kkyffse0e8fvh0j2vb3ctmmf
Matthew Channing Townsend,Active,MCEA,https://www.mainecampaignfinancedisclosure.com/public/filers/f_01kd8w6ftve6dak61q91h3rsxa
Kelly Dearborn,Active,TF,https://www.mainecampaignfinancedisclosure.com/public/filers/f_01kj87wf1ze3rbf1825hh632rk
Ernest Fitts IV,Active,TF,https://www.mainecampaignfinancedisclosure.com/public/filers/f_01knma71g1f15r9wdzdjnwb3xm
Jonathan Reed Fallon,Active,MCEA,https://www.mainecampaignfinancedisclosure.com/public/filers/f_01kd8w6ftweefsxt0c9098mrsm
Kati L. McCormick,Active,MCEA,https://www.mainecampaignfinancedisclosure.com/public/filers/f_01kf4eat85e79st2re6hma16hc
Amanda Heath,Active,MCEA,https://www.mainecampaignfinancedisclosure.com/public/filers/f_01kh53e0fcejjbpw9eztbr958y
Shanna Cox,Active,TF,https://www.mainecampaignfinancedisclosure.com/public/filers/f_01kf4eat87emk8zw806x866dvc
Rachel Talbot Ross,Active,TF,https://www.mainecampaignfinancedisclosure.com/public/filers/f_01kh55v1jrfk5b59sqwet4m1bd
Ray Thombs,Active,TF,https://www.mainecampaignfinancedisclosure.com/public/filers/f_01kk538am2f258a7mycmg5fcqr
Scott Craig,Active,MCEA,https://www.mainecampaignfinancedisclosure.com/public/filers/f_01kjaz7wy5fd6ajftcv6qe8mbx
Jo-Jean Keller,Active,MCEA,https://www.mainecampaignfinancedisclosure.com/public/filers/f_01kh7kqdeser185x833nkteg5z
Leo Christopher Kenney,Active,MCEA,https://www.mainecampaignfinancedisclosure.com/public/filers/f_01kd8w6ftweefsxt0caevpcc5g
Troy Dale Jackson,Active,TF,https://www.mainecampaignfinancedisclosure.com/public/filers/f_01k89h8gcjegf9qpwdgkfvzb2g
Gino Valeriani,Active,TF,https://www.mainecampaignfinancedisclosure.com/public/filers/f_01kk9gaqh9e3ebt3y0h074kj8d
Glenn Chip Curry,Active,MCEA,https://www.mainecampaignfinancedisclosure.com/public/filers/f_01kf4eat87emk8zw7zwxef8z7f
Cheryl A Golek,Active,MCEA,https://www.mainecampaignfinancedisclosure.com/public/filers/f_01kf4eat87emk8zw803b1rxvvz
Alicia Collins,Active,TF,https://www.mainecampaignfinancedisclosure.com/public/filers/f_01k89h8gchec793758q3df2kqk
Jeffrey Timberlake,Active,TF,https://www.mainecampaignfinancedisclosure.com/public/filers/f_01kh7tcd41f1kb7t96jsbjdgcs
Sean Faircloth,Active,MCEA,https://www.mainecampaignfinancedisclosure.com/public/filers/f_01khbr2qcmf0eanw6xm7q5zdhp
Pamela Hart,Active,MCEA,https://www.mainecampaignfinancedisclosure.com/public/filers/f_01kh9djw5feztamnr27bf24vqe
Patric Moore,Active,MCEA,https://www.mainecampaignfinancedisclosure.com/public/filers/f_01kh539s4bfme84ypgj6b8a2e4
Shawn M. Dixon,Active,TF,https://www.mainecampaignfinancedisclosure.com/public/filers/f_01kd8w6ftve6dak61qd855tcv8
Shawn Michael Packard,Active,TF,https://www.mainecampaignfinancedisclosure.com/public/filers/f_01kd8w6ftve6dak61qay6t3gsa
Jennifer Lynn Poirier,Active,TF,https://www.mainecampaignfinancedisclosure.com/public/filers/f_01kf4eat87emk8zw7zt4th9mye
Dr. Lucien Daigle,Active,MCEA,https://www.mainecampaignfinancedisclosure.com/public/filers/f_01kf4eat85e79st2re6bc8f0jc
Stacey Kay Guerin,Active,TF,https://www.mainecampaignfinancedisclosure.com/public/filers/f_01kd8w6ftve6dak61qbrk4k2cd
Gregory Pierce,Active,TF,https://www.mainecampaignfinancedisclosure.com/public/filers/f_01kf4eat87emk8zw7zzd7wchag
Cassie L. Julia,Active,MCEA,https://www.mainecampaignfinancedisclosure.com/public/filers/f_01kf4eat87emk8zw808v68x4xe
Janet Inger Beaudoin,Active,TF,https://www.mainecampaignfinancedisclosure.com/public/filers/f_01kf4eat87emk8zw804bxd4ct0
Stephen Wood,Active,MCEA,https://www.mainecampaignfinancedisclosure.com/public/filers/f_01kh7qjgq6fs88g8frphmy307k
Joel Mahaffey,Active,TF,https://www.mainecampaignfinancedisclosure.com/public/filers/f_01kmjzhcvaem292e3fxnn9n907
"John J. Contreni, Jr",Active,TF,https://www.mainecampaignfinancedisclosure.com/public/filers/f_01kmr1fshae20bjcrme2t7qkvw
Zachary Lejonhud,Active,MCEA,https://www.mainecampaignfinancedisclosure.com/public/filers/f_01kke1dfp9ezptmkn927b42q5y
Woodleigh H Hughes,Active,MCEA,https://www.mainecampaignfinancedisclosure.com/public/filers/f_01kf4eat87emk8zw7zqqnqcm74
Matthea Elisabeth Larsen Daughtry,Active,TF,https://www.mainecampaignfinancedisclosure.com/public/filers/f_01kd8w6ftve6dak61qcqxfx67y
James Sorcek,Active,MCEA,https://www.mainecampaignfinancedisclosure.com/public/filers/f_01kf4eat87emk8zw7zz77h3gr7
Peter Wood,Active,TF,https://www.mainecampaignfinancedisclosure.com/public/filers/f_01kkhg12r1ecv8813bb40k140m
Paul Welch,Active,MCEA,https://www.mainecampaignfinancedisclosure.com/public/filers/f_01khv2qkd5f7dtabfc81a4b496
"David Wayne Boyer, Jr.",Active,TF,https://www.mainecampaignfinancedisclosure.com/public/filers/f_01k89h8gchec793758pc2maqwk
Joseph Almand,Active,MCEA,https://www.mainecampaignfinancedisclosure.com/public/filers/f_01khyfnrn2fambsbemkrmyra84
Thomas Watson,Active,MCEA,https://www.mainecampaignfinancedisclosure.com/public/filers/f_01kjg24ahxek29pkavfrcm30qw
Julia McCabe,Active,MCEA,https://www.mainecampaignfinancedisclosure.com/public/filers/f_01kh7nszb5ezqb46skqzqjm7fy
Thomas Hart,Active,TF,https://www.mainecampaignfinancedisclosure.com/public/filers/f_01knmawmxyfy2t678d7kcc60zw
Mark Walker,Active,TF,https://www.mainecampaignfinancedisclosure.com/public/filers/f_01k89h8gcrerstc7zyxcdyxygf
Elizabeth D. Bosworth,Active,MCEA,https://www.mainecampaignfinancedisclosure.com/public/filers/f_01kf4eat87emk8zw806vtshgkm
Reagan Paul,Active,TF,https://www.mainecampaignfinancedisclosure.com/public/filers/f_01km0m8zjeecft3fxvsen4efr3
Scott Strom,Active,TF,https://www.mainecampaignfinancedisclosure.com/public/filers/f_01km3n560neefs1gp9yrfe4ahe
Kevin O'Connell,Active,TF,https://www.mainecampaignfinancedisclosure.com/public/filers/f_01kjsz03trfkqbtb08r512xc5r
Quentin Chapman,Active,TF,https://www.mainecampaignfinancedisclosure.com/public/filers/f_01k89h8gchec793758pqbwk2aj
Wayne Parry,Active,TF,https://www.mainecampaignfinancedisclosure.com/public/filers/f_01k89h8gcjegf9qpwdjvg002fp
Joseph Campbell,Active,MCEA,https://www.mainecampaignfinancedisclosure.com/public/filers/f_01kh52tx5dfm78jf5m1az0wggp
Eric Nathanson,Active,MCEA,https://www.mainecampaignfinancedisclosure.com/public/filers/f_01khps5zhtendbww8c5n64qcxz
Teresa S Pierce,Active,TF,https://www.mainecampaignfinancedisclosure.com/public/filers/f_01kd8w6ftve6dak61q99asb3k5
Sophia Warren,Active,MCEA,https://www.mainecampaignfinancedisclosure.com/public/filers/f_01khnwqzkheg1rn44spkze48rd
Lisa Pratt,Active,MCEA,https://www.mainecampaignfinancedisclosure.com/public/filers/f_01km3p5h7xfsgt6n1gn650cspf
Mark C. Cooper,Active,MCEA,https://www.mainecampaignfinancedisclosure.com/public/filers/f_01kd8w6ftve6dak61q8vxx3aea
Parnell Terry,Active,MCEA,https://www.mainecampaignfinancedisclosure.com/public/filers/f_01kf4eat87emk8zw806fxq18bw
Julie Nicole Rakic,Active,MCEA,https://www.mainecampaignfinancedisclosure.com/public/filers/f_01kd8w6ftweefsxt0c9m6jvq3g
Morgan Rielly,Active,TF,https://www.mainecampaignfinancedisclosure.com/public/filers/f_01kh7sxtt7fw0tvt9328wemsy2
Ryan Fecteau,Active,TF,https://www.mainecampaignfinancedisclosure.com/public/filers/f_01k89h8gchec793758qyat4xsg
Jonathan L. Kinney,Active,TF,https://www.mainecampaignfinancedisclosure.com/public/filers/f_01kf4eat87emk8zw808wzejhqt
Lynn Copeland,Active,MCEA,https://www.mainecampaignfinancedisclosure.com/public/filers/f_01kh7mfdvyf58sxne2fwfn4wa2
Lisa Kalp,Active,MCEA,https://www.mainecampaignfinancedisclosure.com/public/filers/f_01km0ngp4tfg09bt31pa7ectrs
Douglas A. Thomas,Active,MCEA,https://www.mainecampaignfinancedisclosure.com/public/filers/f_01kd8w6ftve6dak61qcss7qedk
Roger Albert,Active,TF,https://www.mainecampaignfinancedisclosure.com/public/filers/f_01kmk8pzg9ece8nj7x5e4vkxsc
Jason Lewis Copp,Active,TF,https://www.mainecampaignfinancedisclosure.com/public/filers/f_01kkckc2v4f0xa26gkkmgas14e
Margot Joly,Active,TF,https://www.mainecampaignfinancedisclosure.com/public/filers/f_01kf4eat87emk8zw7zyd8s7xqb
Eric H Small,Active,TF,https://www.mainecampaignfinancedisclosure.com/public/filers/f_01kd8w6ftve6dak61qdtsf8ynm
Paul Aranson,Active,TF,https://www.mainecampaignfinancedisclosure.com/public/filers/f_01khbnbbtgf4681txwww1gwdx0
Carol Emery,Active,TF,https://www.mainecampaignfinancedisclosure.com/public/filers/f_01kh7r44mhe8c8td90np0n1b1p
Beth Seaney,Active,TF,https://www.mainecampaignfinancedisclosure.com/public/filers/f_01khveqr7ee5s84yway72ma1tz
Daniel Whitney,Active,TF,https://www.mainecampaignfinancedisclosure.com/public/filers/f_01kkd3cj4ceb39k07qfg9cnmea
Devan Arnold,Active,MCEA,https://www.mainecampaignfinancedisclosure.com/public/filers/f_01kmr963pqesqrryyzjgg5yg4j
Debora Farnham,Active,MCEA,https://www.mainecampaignfinancedisclosure.com/public/filers/f_01kjfq1cmjf3b9m3rgheh7cqnh
Maureen AuCoin,Active,MCEA,https://www.mainecampaignfinancedisclosure.com/public/filers/f_01khvfbpdmfhkrtc2cnbvvhh7f
REBECCA DOLLOFF,Active,TF,https://www.mainecampaignfinancedisclosure.com/public/filers/f_01kjdxvxs2fksvfa3a77gv88g8
Daniel Joseph Ankeles,Active,MCEA,https://www.mainecampaignfinancedisclosure.com/public/filers/f_01kf4eat87emk8zw7zvwcwrnvd
Donna Bailey,Active,MCEA,https://www.mainecampaignfinancedisclosure.com/public/filers/f_01kd8w6ftve6dak61qe088snh8
Alicia Barnes,Active,MCEA,https://www.mainecampaignfinancedisclosure.com/public/filers/f_01kh7aw325emnss1mkgk76stge
Janet Jamison,Active,TF,https://www.mainecampaignfinancedisclosure.com/public/filers/f_01kjdd9jqne8raj6damtr1asmh
Brian Ames,Active,MCEA,https://www.mainecampaignfinancedisclosure.com/public/filers/f_01kj8h5wwzenxsm3mdk8j80eth
Barbara Anne Bagshaw,Active,MCEA,https://www.mainecampaignfinancedisclosure.com/public/filers/f_01kf4eat87emk8zw7zs70f1znk
Genevieve Lemire,Active,MCEA,https://www.mainecampaignfinancedisclosure.com/public/filers/f_01kjj948ghfvz852drf972tbf4
Amanda Collamore,Active,TF,https://www.mainecampaignfinancedisclosure.com/public/filers/f_01kjgfpadxexg90c2ek2tbxz1d
Walter Runte JR,Active,MCEA,https://www.mainecampaignfinancedisclosure.com/public/filers/f_01kjeje61pf4k8etvt35jz0j17
Oliver McAvoy,Active,MCEA,https://www.mainecampaignfinancedisclosure.com/public/filers/f_01kjfrekfsfzkvqvt22bfas31z
Michelle N Boyer,Active,MCEA,https://www.mainecampaignfinancedisclosure.com/public/filers/f_01kf4eat87emk8zw808axh1r8x
Bruce Bickford,Active,MCEA,https://www.mainecampaignfinancedisclosure.com/public/filers/f_01kf4eat87emk8zw8037vfnx57
Thomas Lavigne,Active,TF,https://www.mainecampaignfinancedisclosure.com/public/filers/f_01kjftsme6fc6v1t20ayc56xke
William R. Bridgeo,Active,MCEA,https://www.mainecampaignfinancedisclosure.com/public/filers/f_01kf4eat87emk8zw7zryk5a2kz
Rhiannon Hampson,Active,TF,https://www.mainecampaignfinancedisclosure.com/public/filers/f_01kjgbhk3sf908mp7dyg8h2sx6
Kirstan Watson,Active,MCEA,https://www.mainecampaignfinancedisclosure.com/public/filers/f_01kjj5qyg2fbysgzatktjdzzrz
DEAN CRAY,Active,TF,https://www.mainecampaignfinancedisclosure.com/public/filers/f_01kjfw883mfg58grpjdsqd46ee
"Earl Martin, Jr.",Active,TF,https://www.mainecampaignfinancedisclosure.com/public/filers/f_01kjdx2kvyf4atyzbva3h17rx0
Mark Frederick Zimmer,Active,MCEA,https://www.mainecampaignfinancedisclosure.com/public/filers/f_01kd8w6ftweefsxt0c9w80ws99
Chad Richard Perkins,Active,TF,https://www.mainecampaignfinancedisclosure.com/public/filers/f_01k89h8gcjegf9qpwdjyem3kpv
Pamela Jo Swift,Active,MCEA,https://www.mainecampaignfinancedisclosure.com/public/filers/f_01kf4eat87emk8zw807sffsaz7
Peter J. Southam,Active,MCEA,https://www.mainecampaignfinancedisclosure.com/public/filers/f_01kf4eat87emk8zw806q8cn0vd
Steven Butterfield,Active,MCEA,https://www.mainecampaignfinancedisclosure.com/public/filers/f_01khbtp46gfv59jcd5d8zvy6ag
Michael L Crabtree,Active,TF,https://www.mainecampaignfinancedisclosure.com/public/filers/f_01kf4eat87emk8zw8086jz93je
Erik Hobson,Active,MCEA,https://www.mainecampaignfinancedisclosure.com/public/filers/f_01kjqsh9hne1zamr8ekvtaf4np
Michael Dougherty,Active,TF,https://www.mainecampaignfinancedisclosure.com/public/filers/f_01kmnqyzc4ebras5yrcehxzh9f
Roland Daniel Martin,Active,MCEA,https://www.mainecampaignfinancedisclosure.com/public/filers/f_01kj8q6d0aecfry25181tgft4v
W. Edward Crockett,Active,TF,https://www.mainecampaignfinancedisclosure.com/public/filers/f_01kd8w6ftve6dak61q9dtgbm5e
Kenneth Cianchette,Active,TF,https://www.mainecampaignfinancedisclosure.com/public/filers/f_01kh7qy310fp4tevqe1nefmhjt
Ethan Mongue,Active,TF,https://www.mainecampaignfinancedisclosure.com/public/filers/f_01khy973hyfr0tcv3xfpfs91aq
Kayla Miller,Active,MCEA,https://www.mainecampaignfinancedisclosure.com/public/filers/f_01km0ymgd2ey6s6xabkr20822j
Nina A Milliken,Active,MCEA,https://www.mainecampaignfinancedisclosure.com/public/filers/f_01kf4eat87emk8zw7zqz59g6j8
Kristi Mathieson,Active,MCEA,https://www.mainecampaignfinancedisclosure.com/public/filers/f_01kh7nk4vkfw7rjt1kn8fa3bpb
Glenn Chateauvert,Active,TF,https://www.mainecampaignfinancedisclosure.com/public/filers/f_01kjt1fm1jf0tbexr865w91j0a
R. Melissa Winslow,Active,TF,https://www.mainecampaignfinancedisclosure.com/public/filers/f_01kf4eat87emk8zw7zsjnkcw7h
Timothy Holland,Active,TF,https://www.mainecampaignfinancedisclosure.com/public/filers/f_01kh50361tfnjr08p89jnx7yzq
Steven Juskewitch,Active,TF,https://www.mainecampaignfinancedisclosure.com/public/filers/f_01kjr2jnamfmjbam6x9gz1sjr1
Lynn C Moore,Active,TF,https://www.mainecampaignfinancedisclosure.com/public/filers/f_01k89h8gcjegf9qpwdj9x14ck9
Susan Pratt,Active,TF,https://www.mainecampaignfinancedisclosure.com/public/filers/f_01kjx922m2ecfaarh619s32wpb
Pamela Prodan,Active,TF,https://www.mainecampaignfinancedisclosure.com/public/filers/f_01kf4eat87emk8zw801f07mckv
Dakota Dupuis,Active,TF,https://www.mainecampaignfinancedisclosure.com/public/filers/f_01kd8w6ftve6dak61qc75rhqq8
Amy M. Ouellette,Active,TF,https://www.mainecampaignfinancedisclosure.com/public/filers/f_01k89h8gcjegf9qpwdjq274nba
Barbara Ann Cray,Active,TF,https://www.mainecampaignfinancedisclosure.com/public/filers/f_01kf4eat87emk8zw803cy9a74p
Matthew Rush,Active,MCEA,https://www.mainecampaignfinancedisclosure.com/public/filers/f_01kjtv7x8tfhr9nytnwdmk0r8t
Stacy L. Grant,Active,TF,https://www.mainecampaignfinancedisclosure.com/public/filers/f_01kf4eat87emk8zw7zwmspscwa
Todd Brackett,Active,TF,https://www.mainecampaignfinancedisclosure.com/public/filers/f_01kjwr3ct3es69acm8qrgrzp5a
H. Scott Landry,Active,TF,https://www.mainecampaignfinancedisclosure.com/public/filers/f_01kjtrwfqjff9vxac17ewp7jxz
Adam R. Lee,Active,TF,https://www.mainecampaignfinancedisclosure.com/public/filers/f_01k89h8gcjegf9qpwdgy2aczf6
Timothy E Nangle,Active,MCEA,https://www.mainecampaignfinancedisclosure.com/public/filers/f_01kd8w6ftve6dak61qdjz1m52z
Phillip Wiseman,Active,TF,https://www.mainecampaignfinancedisclosure.com/public/filers/f_01kp5zh3h1ecgs0qevxk6ez1xw
David H. McCrea,Active,MCEA,https://www.mainecampaignfinancedisclosure.com/public/filers/f_01kf4eat87emk8zw8044fd19cs
"John E. Ducharme, III",Active,TF,https://www.mainecampaignfinancedisclosure.com/public/filers/f_01kf4eat87emk8zw7zr8s89dyy
Ryan Christopher Otis,Active,MCEA,https://www.mainecampaignfinancedisclosure.com/public/filers/f_01kf4eat87emk8zw7zvvwc1r92
Dana Staples,Active,MCEA,https://www.mainecampaignfinancedisclosure.com/public/filers/f_01kh530xyse9pa9c702nb29aea
Marcus Mrowka,Active,MCEA,https://www.mainecampaignfinancedisclosure.com/public/filers/f_01kf4eat87emk8zw7ztkd1wtbg
Christopher Robert Wainwright,Active,TF,https://www.mainecampaignfinancedisclosure.com/public/filers/f_01kf4eat87emk8zw80003zr9yr
Christopher J Davis,Active,TF,https://www.mainecampaignfinancedisclosure.com/public/filers/f_01kf4eat87emk8zw805782mwdd
Rachel A. Henderson,Active,TF,https://www.mainecampaignfinancedisclosure.com/public/filers/f_01kf4eat87emk8zw803hhs02x0
Patrick William Polky,Active,TF,https://www.mainecampaignfinancedisclosure.com/public/filers/f_01kf4eat87emk8zw7zyhghg0z6
Ronald Russell,Active,TF,https://www.mainecampaignfinancedisclosure.com/public/filers/f_01knpsrn9cfym9w9sv39jqv06p
Donald Ardell,Active,TF,https://www.mainecampaignfinancedisclosure.com/public/filers/f_01kjtcvk1xe0nbttq47wp378rx
Laura Danielle Supica,Active,TF,https://www.mainecampaignfinancedisclosure.com/public/filers/f_01k89h8gcrerstc7zysajk8ex9
April Fournier,Active,TF,https://www.mainecampaignfinancedisclosure.com/public/filers/f_01khgv684df34r8hv39qv2dx3n
Jason Shedlock,Active,TF,https://www.mainecampaignfinancedisclosure.com/public/filers/f_01khbrche9enrsfpxx1ffqgjxt
Robert Finch Sullebarger,Active,MCEA,https://www.mainecampaignfinancedisclosure.com/public/filers/f_01kf4eat87emk8zw805qawxr9m
Christina Mitchell,Active,MCEA,https://www.mainecampaignfinancedisclosure.com/public/filers/f_01kh7p4z7gecdv7wkwc3ekmxyn
Steven Matthew Bishop,Active,TF,https://www.mainecampaignfinancedisclosure.com/public/filers/f_01kd8w6ftweefsxt0c96zzdnqq
Rachel Mary Phipps,Active,MCEA,https://www.mainecampaignfinancedisclosure.com/public/filers/f_01kf4eat87emk8zw7zs0v5bh6g
Nicole Richards,Active,MCEA,https://www.mainecampaignfinancedisclosure.com/public/filers/f_01kn22cp3te7ytcgn4z598z4zy
Edward L. Paradis,Active,TF,https://www.mainecampaignfinancedisclosure.com/public/filers/f_01kk20nmstecqva6b5aepqx38z
Stephen August,Active,TF,https://www.mainecampaignfinancedisclosure.com/public/filers/f_01kjzeg6shea9ardy6xwx4c21s
Chelsea Lynds,Active,TF,https://www.mainecampaignfinancedisclosure.com/public/filers/f_01kk472nqzfgh8nsqjvq02gzdn
Susan Bernard,Active,TF,https://www.mainecampaignfinancedisclosure.com/public/filers/f_01kk26pb4nedh99m9fv8s79t4k
Kathryn Slattery,Active,TF,https://www.mainecampaignfinancedisclosure.com/public/filers/f_01kjzvqjbefe7vpfdxbr2qfemd
Benjamin Hymes,Active,TF,https://www.mainecampaignfinancedisclosure.com/public/filers/f_01kk233d79f0h97c3x9xyvh6x3
Katrina Couch Ray-Saulis,Active,MCEA,https://www.mainecampaignfinancedisclosure.com/public/filers/f_01kj8fb546fm4apty7788gbjqs
Maeghan Maloney,Active,TF,https://www.mainecampaignfinancedisclosure.com/public/filers/f_01kjzv1py3frzry1td6phkgxsd
Joanne Mason,Active,TF,https://www.mainecampaignfinancedisclosure.com/public/filers/f_01kmk112pqfkrvwwjsre09bygg
Meagan Smith,Active,MCEA,https://www.mainecampaignfinancedisclosure.com/public/filers/f_01km3s9e27fjpram52qveyqvkg
Susan Fuller,Active,TF,https://www.mainecampaignfinancedisclosure.com/public/filers/f_01km3wqzqre9t84c1mzgw2faaa
Matthew D. Beck,Active,TF,https://www.mainecampaignfinancedisclosure.com/public/filers/f_01kf4eat87emk8zw805vf10pr2
Marshall Archer,Active,TF,https://www.mainecampaignfinancedisclosure.com/public/filers/f_01kf4eat87emk8zw800c5ew0rb
Susan A. Black,Active,TF,https://www.mainecampaignfinancedisclosure.com/public/filers/f_01kf4eat87emk8zw801s6sms9h
Johanna D Turner,Active,TF,https://www.mainecampaignfinancedisclosure.com/public/filers/f_01kf4eat87emk8zw808nkpr9s0
Melissa L Richardson,Active,TF,https://www.mainecampaignfinancedisclosure.com/public/filers/f_01kf4eat87emk8zw7zzy1pck3s
JULIE A CURTIS,Active,TF,https://www.mainecampaignfinancedisclosure.com/public/filers/f_01kf4eat87emk8zw804vw6atfd
Rebecca Sue Wotton,Active,TF,https://www.mainecampaignfinancedisclosure.com/public/filers/f_01kf4eat87emk8zw804ctqsmc1
Kevin Lamoreau,Active,TF,https://www.mainecampaignfinancedisclosure.com/public/filers/f_01kh6gzcvaf37v72qtn1tcx2a7
Russell John Black,Active,MCEA,https://www.mainecampaignfinancedisclosure.com/public/filers/f_01kf4eat87emk8zw7ztrg7q9tv
Annie Christy,Active,TF,https://www.mainecampaignfinancedisclosure.com/public/filers/f_01kkh53shrepdvrvfw6672kzns
Robert Cameron,Active,TF,https://www.mainecampaignfinancedisclosure.com/public/filers/f_01kk206f0je8kv8sm004v80mky
Garrett Plummer,Active,TF,https://www.mainecampaignfinancedisclosure.com/public/filers/f_01kkh3pb8ye9t9nzksksy1sfz2
Savannah Sessions,Active,TF,https://www.mainecampaignfinancedisclosure.com/public/filers/f_01kk9s9dwzeera0ey4d2wzw5jd
Arthur K. Mingo,Active,TF,https://www.mainecampaignfinancedisclosure.com/public/filers/f_01kkckhq5sexyt8cce350crze9
Troy Morton,Active,TF,https://www.mainecampaignfinancedisclosure.com/public/filers/f_01kkcevtf4evfs2v1cgttmr10d
William T. Dobbins,Active,TF,https://www.mainecampaignfinancedisclosure.com/public/filers/f_01kka4c0arfmr8j1xpgbcph3f9
Jason Seth Cherry,Active,TF,https://www.mainecampaignfinancedisclosure.com/public/filers/f_01k89h8gchec793758pxeckc2h
Chad Syphers,Active,TF,https://www.mainecampaignfinancedisclosure.com/public/filers/f_01knpwtd8kedya2qb543bk6y98
Timothy Becker,Active,MCEA,https://www.mainecampaignfinancedisclosure.com/public/filers/f_01kkkpp6spf80a2a02sb7k377e
Clifford Noyes,Active,MCEA,https://www.mainecampaignfinancedisclosure.com/public/filers/f_01kp65hmj3f0cvb6rz3yxfgbcz
Douglas Colburn Carlisle Jr,Active,MCEA,https://www.mainecampaignfinancedisclosure.com/public/filers/f_01kd8w6ftve6dak61qag0hdrt0
Matthew Foster,Active,TF,https://www.mainecampaignfinancedisclosure.com/public/filers/f_01kkm9ht2af70smsfn808fs5yn
Anne Carney,Active,TF,https://www.mainecampaignfinancedisclosure.com/public/filers/f_01kkq0f05cfr8vp4m31qgf7t43
Vincent Maietta,Active,TF,https://www.mainecampaignfinancedisclosure.com/public/filers/f_01km3vxfzee408tvztsmp8dt51
Tammy Gay,Active,TF,https://www.mainecampaignfinancedisclosure.com/public/filers/f_01kkm0jttrftca4gnvjp4jce1j
Robin Upton-Sukeforth,Active,MCEA,https://www.mainecampaignfinancedisclosure.com/public/filers/f_01kkkw7rqmf4xa536cep5rq04q
Albert Joy,Active,TF,https://www.mainecampaignfinancedisclosure.com/public/filers/f_01kmrnv0tzfshvz99arsnhz34g
Cherri L Crockett,Active,TF,https://www.mainecampaignfinancedisclosure.com/public/filers/f_01kf4eat87emk8zw7zxsbp1jrm
Gail J Clark,Active,TF,https://www.mainecampaignfinancedisclosure.com/public/filers/f_01kf4eat87emk8zw800t4bfam7
Corey Leigh Bagley,Active,TF,https://www.mainecampaignfinancedisclosure.com/public/filers/f_01k89h8gchec793758nwg004qj
"Frank Mawson Blauvelt, Jr.",Active,TF,https://www.mainecampaignfinancedisclosure.com/public/filers/f_01kf4eat87emk8zw807p69k188
Todd Lyford,Active,TF,https://www.mainecampaignfinancedisclosure.com/public/filers/f_01khs07jfgf1aab21hmkt9kkwp
"William King, Jr.",Active,TF,https://www.mainecampaignfinancedisclosure.com/public/filers/f_01kh7s4s4xf67bcb2jbp0mevvz
Valerie Adams,Active,TF,https://www.mainecampaignfinancedisclosure.com/public/filers/f_01kh6yjy2hex39hddhbrdtxthj
"Neil McLean, Jr.",Active,TF,https://www.mainecampaignfinancedisclosure.com/public/filers/f_01kh7tr8dce38sv4fjmxedmhk5
Natasha C Irving,Active,TF,https://www.mainecampaignfinancedisclosure.com/public/filers/f_01kf4eat87emk8zw800g06pdy9
Roland Poirier,Active,TF,https://www.mainecampaignfinancedisclosure.com/public/filers/f_01khbkc699ft7vw29ddy842y0s
Jason Trundy,Active,TF,https://www.mainecampaignfinancedisclosure.com/public/filers/f_01kjwx2rhpfgqtwbjsws3q2d38
Kari Wells-Puckett,Active,TF,https://www.mainecampaignfinancedisclosure.com/public/filers/f_01kkenzbdheswrm0rjx3j51924
Patricia Smith,Active,TF,https://www.mainecampaignfinancedisclosure.com/public/filers/f_01kh7t3twrfwqr6am2jxjntt0x
Eric White,Active,TF,https://www.mainecampaignfinancedisclosure.com/public/filers/f_01knpxc74sens86xd3mka1w97w
Gary McGrane,Active,TF,https://www.mainecampaignfinancedisclosure.com/public/filers/f_01k89h8gcqe2xs2kmqjycvw7px
Adrienne Paul,Active,MCEA,https://www.mainecampaignfinancedisclosure.com/public/filers/f_01kd8w6ftve6dak61qbjfd3zct
Earl Ireland,Active,TF,https://www.mainecampaignfinancedisclosure.com/public/filers/f_01khvwm21ge9cbgegk682ya97x
Daniel Daley,Active,TF,https://www.mainecampaignfinancedisclosure.com/public/filers/f_01kh6fdw5qeyvawhm7btwkzv86
Jeffrey Gilbert,Active,TF,https://www.mainecampaignfinancedisclosure.com/public/filers/f_01kh7rj2m2f3vr2demskjz2bqs
Walter Voskian,Active,TF,https://www.mainecampaignfinancedisclosure.com/public/filers/f_01kh6jnzyke0zvsqjsed4hm2fv
"Paul Titcomb Davis, Sr.",Active,TF,https://www.mainecampaignfinancedisclosure.com/public/filers/f_01k89h8gchec793758qe18s4b1
Roch  Angers,Active,TF,https://www.mainecampaignfinancedisclosure.com/public/filers/f_01kk9dcvhye1n86vtp6sebdkeg
Doris Ortiz,Active,TF,https://www.mainecampaignfinancedisclosure.com/public/filers/f_01khsb7fmkejbrfwnmv4pj98nk
Noel Madore,Active,TF,https://www.mainecampaignfinancedisclosure.com/public/filers/f_01kkc1xtxsecmtcehxbsjgc4by
Anthony M. Weaver,Active,MCEA,https://www.mainecampaignfinancedisclosure.com/public/filers/f_01kk2107j5f2esb7c3vm6702mt
Annalyse Sarvinas,Active,MCEA,https://www.mainecampaignfinancedisclosure.com/public/filers/f_01kjx6x0s7ferb3wwth1va070z
Breanna Pinkham Bebb,Active,TF,https://www.mainecampaignfinancedisclosure.com/public/filers/f_01khcfhvn8f26thaqp7s6gz65g
Justin Chenette,Active,TF,https://www.mainecampaignfinancedisclosure.com/public/filers/f_01kf4eat87emk8zw7zz0qp0t4r
Robert Carlton,Active,TF,https://www.mainecampaignfinancedisclosure.com/public/filers/f_01kk9h5hfxeezvp06c421hxmsv
Nathan M. Carlow,Active,TF,https://www.mainecampaignfinancedisclosure.com/public/filers/f_01kkc6wegzea4vqcpmfpg0bw0q
Austin Theriault,Active,TF,https://www.mainecampaignfinancedisclosure.com/public/filers/f_01kk20ee52fk8rxagvk7gwp6t0
Mathew David McIntyre,Active,TF,https://www.mainecampaignfinancedisclosure.com/public/filers/f_01kd8w6ftve6dak61qbnkd1hb6
Ambureen Rana,Active,MCEA,https://www.mainecampaignfinancedisclosure.com/public/filers/f_01kh7py2t8eptvk536vv6t74av
Luke Dylan Jensen,Active,MCEA,https://www.mainecampaignfinancedisclosure.com/public/filers/f_01km65r08ae83tjkrbf4dkrev9
Sheila Lyman,Active,MCEA,https://www.mainecampaignfinancedisclosure.com/public/filers/f_01km65aqy3fhpsyzmghz2yy0za
Edward Glaser,Active,TF,https://www.mainecampaignfinancedisclosure.com/public/filers/f_01km0mwsqzefzr9qdn8q53sfvn
Gordon Bell,Active,TF,https://www.mainecampaignfinancedisclosure.com/public/filers/f_01kns7c18yenvavgb07sseqeye
Arlie Hetrick Jr.,Active,MCEA,https://www.mainecampaignfinancedisclosure.com/public/filers/f_01kjzxda0wf8pagve0ns51tw12
Charles Edward Tilburg,Active,MCEA,https://www.mainecampaignfinancedisclosure.com/public/filers/f_01kd8w6ftweefsxt0c9fdgtr40
Amy D. Kuhn,Active,MCEA,https://www.mainecampaignfinancedisclosure.com/public/filers/f_01kf4eat85e79st2re6fbvnhaf
Amy J Roeder,Active,MCEA,https://www.mainecampaignfinancedisclosure.com/public/filers/f_01kf4eat87emk8zw805eq8wtes
Caleb Joshua NESS,Active,MCEA,https://www.mainecampaignfinancedisclosure.com/public/filers/f_01kd8w6ftve6dak61qb17c3xm1
Cheryl Hewes,Active,MCEA,https://www.mainecampaignfinancedisclosure.com/public/filers/f_01kjxc6qyvf5hb3rnjp3hrypzg
Anne Graham,Active,MCEA,https://www.mainecampaignfinancedisclosure.com/public/filers/f_01kh7mxyq2ext9hgbpd5abe40f
Ayn Hanselmann,Active,MCEA,https://www.mainecampaignfinancedisclosure.com/public/filers/f_01kj8g9wepfwcvvr9evsxxerer
Bradley Moulton,Active,MCEA,https://www.mainecampaignfinancedisclosure.com/public/filers/f_01kh7pnsy8f6qb2cav67pygv7f
Christopher Alfred Lewey,Active,MCEA,https://www.mainecampaignfinancedisclosure.com/public/filers/f_01kd8w6ftve6dak61qbwrd7k2b
Poppy T. Arford,Active,MCEA,https://www.mainecampaignfinancedisclosure.com/public/filers/f_01kf4eat87emk8zw800mmx66a2
Cynthia Soma-Hernandez,Active,MCEA,https://www.mainecampaignfinancedisclosure.com/public/filers/f_01kka0qrbsfzdrf7brrnbrkkfa
Joshua D. Gerritsen,Active,MCEA,https://www.mainecampaignfinancedisclosure.com/public/filers/f_01kd8w6ftweefsxt0c9925ndzz
Clinton Phinney Jr.,Active,MCEA,https://www.mainecampaignfinancedisclosure.com/public/filers/f_01kh991tnqfths1f70tf6e9k5x
Kimberly J. Pomerleau,Active,MCEA,https://www.mainecampaignfinancedisclosure.com/public/filers/f_01k89h8gcjegf9qpwdka2kqzvj
Tracy Quint,Active,TF,https://www.mainecampaignfinancedisclosure.com/public/filers/f_01khvdqbgkf6ss8nfhhjck9jh9
Dexter 'Buzz' Bridges,Active,MCEA,https://www.mainecampaignfinancedisclosure.com/public/filers/f_01kkvvwpprek3b2x5fyxvmbmpb
Grayson Lookner,Active,MCEA,https://www.mainecampaignfinancedisclosure.com/public/filers/f_01kkhjx7vpfbktnqz3j3kj8jxw
Kelly Maureen Noonan Murphy,Active,TF,https://www.mainecampaignfinancedisclosure.com/public/filers/f_01kf4eat87emk8zw8090c1chtn
Samuel Lewis Zager,Active,MCEA,https://www.mainecampaignfinancedisclosure.com/public/filers/f_01kf4eat87emk8zw7zz91dadg8
John Eder,Active,TF,https://www.mainecampaignfinancedisclosure.com/public/filers/f_01kf4eat87emk8zw7zwr5k17g8
Daniel Sayre,Active,MCEA,https://www.mainecampaignfinancedisclosure.com/public/filers/f_01kd8w6ftve6dak61qdwd3tm92
Azalea Cormier,Active,MCEA,https://www.mainecampaignfinancedisclosure.com/public/filers/f_01khcbzabeetvr2e4yqxtkcagb
Jill C. Duson,Active,MCEA,https://www.mainecampaignfinancedisclosure.com/public/filers/f_01kd8w6ftve6dak61q9m0pf0tv
Michael D. Perkins,Active,MCEA,https://www.mainecampaignfinancedisclosure.com/public/filers/f_01kf4eat87emk8zw807cwn1fsq
Flavia DeBrito,Active,MCEA,https://www.mainecampaignfinancedisclosure.com/public/filers/f_01khedptrpfj3t0r4arxww7sx2
Trent Vellella,Active,MCEA,https://www.mainecampaignfinancedisclosure.com/public/filers/f_01kkvr3wwdetnsd0z1bcanzs1d
Timothy Nickels,Active,TF,https://www.mainecampaignfinancedisclosure.com/public/filers/f_01kmdzfywefypsm1psyb3y08ez
Kenneth Davis,Active,MCEA,https://www.mainecampaignfinancedisclosure.com/public/filers/f_01kf4eat87emk8zw7zx7f17bj4
David Wayne Guilmette,Active,MCEA,https://www.mainecampaignfinancedisclosure.com/public/filers/f_01kd8w6ftweefsxt0caxv1fsas
Cassandra Anne Dove,Active,TF,https://www.mainecampaignfinancedisclosure.com/public/filers/f_01kmg22ceqedqb23rhh00b24ed
Scott A. Harriman,Active,MCEA,https://www.mainecampaignfinancedisclosure.com/public/filers/f_01kd8w6ftve6dak61qczsbke0w
Ravi Jackson,Active,TF,https://www.mainecampaignfinancedisclosure.com/public/filers/f_01kmg4dd2me35ajabmhgc1295d
Harry White,Active,TF,https://www.mainecampaignfinancedisclosure.com/public/filers/f_01kkvzqjmvfjta321a1gkhp6bh
Nancy Theriault - Special,Active,TF,https://www.mainecampaignfinancedisclosure.com/public/filers/f_01kmg9gszqekhv6w7gbcf3vr88
Nancy McDowell-Special,Active,MCEA,https://www.mainecampaignfinancedisclosure.com/public/filers/f_01kmga8ym1fsnbevc5crxez0ks
Dale Lancaster,Active,TF,https://www.mainecampaignfinancedisclosure.com/public/filers/f_01khbnz3c0f0cstjddv300v4at
John Alsop,Active,TF,https://www.mainecampaignfinancedisclosure.com/public/filers/f_01kf4eat87emk8zw802nbcvcqe
Allison Perkins,Active,TF,https://www.mainecampaignfinancedisclosure.com/public/filers/f_01kmjvs0z8etxv8z67agwkd6hh
Abigail Geer,Active,MCEA,https://www.mainecampaignfinancedisclosure.com/public/filers/f_01kkemta5ceeet0vfqnzxf4tm6
Suzanne Johnson,Active,TF,https://www.mainecampaignfinancedisclosure.com/public/filers/f_01kkw18pe3f30927gxp2anjx3z
Emily Dingman,Active,TF,https://www.mainecampaignfinancedisclosure.com/public/filers/f_01kmqnkp3aex5vze908k5s9jbd
Eric Boothroyd,Active,TF,https://www.mainecampaignfinancedisclosure.com/public/filers/f_01kmqv87vcew7b96gv3ehwmth0
Andrew Zarro,Active,TF,https://www.mainecampaignfinancedisclosure.com/public/filers/f_01kf4eat87emk8zw7zq9knyrfg
Laura Supica,Active,TF,https://www.mainecampaignfinancedisclosure.com/public/filers/f_01kmrf17wsek9rtc2b6yz3pxwc
Colleen O'Neal,Active,TF,https://www.mainecampaignfinancedisclosure.com/public/filers/f_01kkvygx9gf1ta57q9yq2rxhqe
Jessica Blanchard,Active,MCEA,https://www.mainecampaignfinancedisclosure.com/public/filers/f_01knwjnbpgf30ak3nzejgvd3r1
Denise Tepler,Active,MCEA,https://www.mainecampaignfinancedisclosure.com/public/filers/f_01kf4eat87emk8zw7zsb2b85fw
Edward Mathias Kamin III,Active,MCEA,https://www.mainecampaignfinancedisclosure.com/public/filers/f_01knsvqcw6fghbq2wvdfeyv1ph
John Hansen,Active,TF,https://www.mainecampaignfinancedisclosure.com/public/filers/f_01kmrfmrbqe0nrk9b2tetms188
Richard G. Mason,Active,TF,https://www.mainecampaignfinancedisclosure.com/public/filers/f_01kd8w6ftve6dak61qchy4tn7j
Yusuf Yusuf,Active,TF,https://www.mainecampaignfinancedisclosure.com/public/filers/f_01kmr8kwe3e68rk33j2a881tva
Robin Crawley,Active,TF,https://www.mainecampaignfinancedisclosure.com/public/filers/f_01kmrgg4nsep4bcne7st38918q
Nathan Burnett,Active,MCEA,https://www.mainecampaignfinancedisclosure.com/public/filers/f_01kd8w6ftve6dak61qa3mq63v9
Jeff Harris,Active,TF,https://www.mainecampaignfinancedisclosure.com/public/filers/f_01kn04h7syegm99d0m7bpthym4
Monica Cease,Active,TF,https://www.mainecampaignfinancedisclosure.com/public/filers/f_01kn0664tdf4m8wa4b6vx09jms
David Corbett,Active,TF,https://www.mainecampaignfinancedisclosure.com/public/filers/f_01kn08ehd0ex7990b1a167vb08
Eleanor Sato,Active,MCEA,https://www.mainecampaignfinancedisclosure.com/public/filers/f_01khcgp2gcfkcbj9xjddrw1gy0
Henry L Ingwersen,Active,MCEA,https://www.mainecampaignfinancedisclosure.com/public/filers/f_01k89h8gcjegf9qpwdgfz5ayyz
Wyatt Beaulieu,Active,MCEA,https://www.mainecampaignfinancedisclosure.com/public/filers/f_01khpk9kb8fystaqb7yjan9802
Marygrace Cimino,Active,TF,https://www.mainecampaignfinancedisclosure.com/public/filers/f_01kjzt5ea1ezwbdz37q1xy9g2t
Courtney Hammond,Active,TF,https://www.mainecampaignfinancedisclosure.com/public/filers/f_01knsxgd32exkaasy7fqy4zz0g
Steven McGee,Active,TF,https://www.mainecampaignfinancedisclosure.com/public/filers/f_01knsy0yb0f7395rjkqbxbqxyz
Bruce Archer,Active,MCEA,https://www.mainecampaignfinancedisclosure.com/public/filers/f_01kmg5m88kevv9sd8y3ygtbae2
James McClymer,Active,TF,https://www.mainecampaignfinancedisclosure.com/public/filers/f_01kn23rexbe0gabby49dfzpbg8
Daniel Simonds,Active,MCEA,https://www.mainecampaignfinancedisclosure.com/public/filers/f_01kn2940f1eecb81xcpeyj53wf
David Potvin,Active,TF,https://www.mainecampaignfinancedisclosure.com/public/filers/f_01knsyfdnsetyrcbw079p8sbz7
Timothy Towne,Active,TF,https://www.mainecampaignfinancedisclosure.com/public/filers/f_01kp925p1rehx88tdejsvz0wxz
Gary McGrane,Active,TF,https://www.mainecampaignfinancedisclosure.com/public/filers/f_01kp93xsymexmvmq2f2n8m5b94
Peter Q. Jenks,Active,MCEA,https://www.mainecampaignfinancedisclosure.com/public/filers/f_01kf4eat87emk8zw7zsnpxaas7
Bradley Youngs,Active,MCEA,https://www.mainecampaignfinancedisclosure.com/public/filers/f_01kf4eat87emk8zw7zxf35wt3e
Brianna Lueck,Active,MCEA,https://www.mainecampaignfinancedisclosure.com/public/filers/f_01kp3fa4azfdm8rbczpey8gh6c
Coreene Baumann,Active,TF,https://www.mainecampaignfinancedisclosure.com/public/filers/f_01kn2atgw5e15bsrq1t53wnzvk
Sigrid Ann Olson,Active,TF,https://www.mainecampaignfinancedisclosure.com/public/filers/f_01kn2g8bzaetdb6kwy5dhyk1tj
Dani O'Halloran,Active,MCEA,https://www.mainecampaignfinancedisclosure.com/public/filers/f_01kf4eat87emk8zw7zyty4t5nc
Alan Lee Orcutt,Active,MCEA,https://www.mainecampaignfinancedisclosure.com/public/filers/f_01kf4eat87emk8zw7zvjnqyhb2
Keith Newman,Active,MCEA,https://www.mainecampaignfinancedisclosure.com/public/filers/f_01knhetv5hetgtknce4rt0pd97
Traci Gere,Active,MCEA,https://www.mainecampaignfinancedisclosure.com/public/filers/f_01kf4eat87emk8zw806hc84qnt
Mark Walker,Active,MCEA,https://www.mainecampaignfinancedisclosure.com/public/filers/f_01kp8tc3b9e5nt1hy5wke20q0c
Rafael Macias,Active,MCEA,https://www.mainecampaignfinancedisclosure.com/public/filers/f_01kh7nbr72f0790xqcqd0hbbb3
Scott W. Cyrway,Active,MCEA,https://www.mainecampaignfinancedisclosure.com/public/filers/f_01k89h8gchec793758qbpzdr0v
Timothy Conrad Guerrette,Active,MCEA,https://www.mainecampaignfinancedisclosure.com/public/filers/f_01kd8w6ftve6dak61qbbg0eq17
Kilton McCarthy Webb,Active,MCEA,https://www.mainecampaignfinancedisclosure.com/public/filers/f_01kf4eat87emk8zw7zxm30va2j
Richard Marc Goldman,Active,MCEA,https://www.mainecampaignfinancedisclosure.com/public/filers/f_01kk9gjar3f9rbxk989t0wgxzh
Derek Allen Levasseur,Active,TF,https://www.mainecampaignfinancedisclosure.com/public/filers/f_01kd8w6ftve6dak61qd6j9nk3m
Kiernan Innes Majerus-Collins,Active,TF,https://www.mainecampaignfinancedisclosure.com/public/filers/f_01k89h8gcjegf9qpwdhfe0t2pt
Michael R. Scott,Active,MCEA,https://www.mainecampaignfinancedisclosure.com/public/filers/f_01kf4eat87emk8zw80106sfc9v
Corinna Cole,Active,MCEA,https://www.mainecampaignfinancedisclosure.com/public/filers/f_01kf4eat87emk8zw808gp5h03v
Dennis Mahar,Active,TF,https://www.mainecampaignfinancedisclosure.com/public/filers/f_01kn4h3hscettbpe1n5z0v65gk
Brett Barrett,Active,TF,https://www.mainecampaignfinancedisclosure.com/public/filers/f_01kq04mb2dfkfrjc6tehd0w8ad
Clifton Foster,Active,MCEA,https://www.mainecampaignfinancedisclosure.com/public/filers/f_01kpy22g9kfxfsg5vmxwpdc3py
Matthew Kershaw,Active,MCEA,https://www.mainecampaignfinancedisclosure.com/public/filers/f_01kn4qhkcfejvscbvc5ecegev8
Rolf Arthur Olsen Jr.,Active,TF,https://www.mainecampaignfinancedisclosure.com/public/filers/f_01kf4eat87emk8zw7zstc04a8g
Melissa Byer,Active,TF,https://www.mainecampaignfinancedisclosure.com/public/filers/f_01kkm9d1tweesv5ym73va5cmta
Chris P Austin,Active,TF,https://www.mainecampaignfinancedisclosure.com/public/filers/f_01kd8w6ftweefsxt0catda4wkv
Andrew Gattine,Active,TF,https://www.mainecampaignfinancedisclosure.com/public/filers/f_01kjve1c8tfaeav5bv9g3xmf4x
Dana Marie Appleby,Active,TF,https://www.mainecampaignfinancedisclosure.com/public/filers/f_01kn23339keq8v2thmj33r5qvt
William J. St. Michel,Active,MCEA,https://www.mainecampaignfinancedisclosure.com/public/filers/f_01kf4eat87emk8zw7zwegwgy12
Chester B. Grover III,Active,MCEA,https://www.mainecampaignfinancedisclosure.com/public/filers/f_01kf4eat87emk8zw7zxhdfxmn7
Darlene Perry,Active,TF,https://www.mainecampaignfinancedisclosure.com/public/filers/f_01kqcm6156evmtasdwjv3z2gn4
Alphonzo Wagner III,Active,TF,https://www.mainecampaignfinancedisclosure.com/public/filers/f_01kn2v0ydhecptc53gcpk8mh26
James Berube,Active,TF,https://www.mainecampaignfinancedisclosure.com/public/filers/f_01kn4tkvnjesjbxrym6vhksxhc
Henry Lawrence,Active,TF,https://www.mainecampaignfinancedisclosure.com/public/filers/f_01kn7wt00jfrkakpzdc68sxsz0
Zachary Anders Wood,Active,MCEA,https://www.mainecampaignfinancedisclosure.com/public/filers/f_01k89h8gcjegf9qpwdmgdab8ad
David Ulrich,Active,MCEA,https://www.mainecampaignfinancedisclosure.com/public/filers/f_01kpr44cfhfsvv1rk0cy7p2rc0
David Duguay,Active,TF,https://www.mainecampaignfinancedisclosure.com/public/filers/f_01kqsn38yhf6sbk53n7tfpb3rs
Shawn Saindon,Active,MCEA,https://www.mainecampaignfinancedisclosure.com/public/filers/f_01kkkqq7khfy08rwphmm97pj6b
Jean Donovan,Active,TF,https://www.mainecampaignfinancedisclosure.com/public/filers/f_01kn7x9z2ker0t0ere86d983be
Braeden Webber,Active,MCEA,https://www.mainecampaignfinancedisclosure.com/public/filers/f_01kh546xgjef49evnsqb3g36an
Scott Girardin,Active,TF,https://www.mainecampaignfinancedisclosure.com/public/filers/f_01kp3x7f5kf1cbts52s3v50zqj
Dean LePage,Active,MCEA,https://www.mainecampaignfinancedisclosure.com/public/filers/f_01kna1kf0qeykvrk4ynzb3tgmg
Adam Joseph Shaw,Active,TF,https://www.mainecampaignfinancedisclosure.com/public/filers/f_01kqw9ypheesfvz8nzde0m69xy
