candidate,final_display_name
hannah pingree,Hannah Pingree
shenna bellows,Shenna Bellows
jonathan bush,Jonathan Bush
angus s king iii,Angus King III
troy dale jackson,Troy Jackson
robert b charles,Robert Charles
richard bennett,Richard Bennett
nirav shah,Nirav Shah
owen mccarthy,Owen McCarthy
david john jones,David Jones
benjamin midgley,Benjamin Midgley
robert j wessels,Robert Wessels
james libby,James Libby
austin theriault,Austin Theriault
dana appleby,Dana Appleby
gary friedmann,Gary Friedmann
nina a milliken,Nina Milliken
steven matthew bishop iv,Steven Bishop
jonathan goble,Jonathan Goble
joschka winterling,Joschka Winterling
sean f faircloth,Sean Faircloth
laurie osher,Laurie Osher
david giles,David Giles
devan arnold,Devan Arnold
james lee white,James White
andrew r torbett,Andrew Torbett
eric boothroyd,Eric Boothroyd
shawn leroy lancaster,Shawn Lancaster
kenneth wade fredette,Kenneth Fredette
jason cherry,Jason Cherry
michael j nicholson,Michael Nicholson
joshua d gerritsen,Joshua Gerritsen
michael sweeny flanagan,Michael Flanagan
chris p austin,Christopher Austin
rebecca stephens,Rebecca Stephens
charlotte nutt,Charlotte Nutt
jeffrey harris,Jeffrey Harris
sharon c frost,Sharon Frost
john reny,John Reny
robin crawley,Robin Crawley
paul r flynn,Paul Flynn
shawn michael packard,Shawn Packard
john e ducharme iii,John Ducharme III
douglas a thomas,Douglas Thomas
cynthia somahernandez,Cynthia Soma-Hernandez
randall douglas gauvin,Randall Gauvin
trevor alex doiron,Trevor Doiron
woodleigh h hughes,Woodleigh Hughes
christopher alfred lewey,Christopher Lewey
kimberly j pomerleau,Kimberly Pomerleau
david wayne boyer jr,David Boyer Jr.
janet beaudoin,Janet Beaudoin
kiernan innes majeruscollins,Kiernan Majerus-Collins
scott a harriman,Scott Harriman
luke jensen,Luke Jensen
william j st michel,William St. Michel
daniel joseph ankeles,Daniel Ankeles
poppy t arford,Poppy Arford
barbara anne bagshaw,Barbara Bagshaw
sean mahoney,Sean Mahoney
april fournier,April Fournier
matthew moonen,Matthew Moonen
michael dixon,Michael Dixon
jason shedlock,Jason Shedlock
matthew d beck,Matthew Beck
annie christy,Annie Christy
marshall archer,Marshall Archer
ryan m fecteau,Ryan Fecteau
marc g malon ii,Marc Malon II
allen anthony daggett,Allen Daggett
charles edward tilburg,Nathan Carlow
jamie k newton,Jamie Newton
eric h small,Eric Small
john robert henkelman iii,John Henkelman
mallory aaren cook,Mallory Cook
mark frederick zimmer,Mark Zimmer
alexandros orestis,Alexandros Orestis
matthew rush,Matthew Rush
joel r stetkis,Joel Stetkis
joseph paul guerin,Joseph Guerin
zachary anders wood,Zachary Wood
chad richard perkins,Chad Perkins
elizabeth caruso,Elizabeth Caruso
nicole c grohoski,Nicole Grohoski
leo christopher kenney,Leo Kenney
joseph m baldacci,Joseph Baldacci
ryan christopher otis,Ryan Otis
kati l mccormick,Kati McCormick
scott w cyrway,Scott Cyrway
richard mason,Richard Mason
jeff timberlake,Jeffrey Timberlake
john andrews,John Andrews
shanna cox,Shanna Cox
nathan burnett,Nathan Burnett
matthea elisabeth larsen daughtry,Matthea Daughtry
denise tepler,Denise Tepler
teresa s pierce,Teresa Pierce
peter g violette,Peter Violette
anne carney,Anne Carney
vincent maietta,Vincent Maietta
henry l ingwersen,Henry Ingwersen
matthew a harrington,Matthew Harrington
mark vigliotta,Mark Vigliotta
jonathan reed fallon,Jonathan Fallon
daniel sayre,Daniel Sayre
michele meyer,Michele Meyer
deane rykerson,Deane Rykerson
