variant_name,canonical_name
angus king iii,angus s iii king
angus king iii,angus s king iii
troy jackson,troy dale jackson
robert charles,robert b charles
robert wessels,robert j wessels
garrett mason,garrett paul mason
david jones,david john jones
william tuell,william r tuell
daniel ankeles,daniel joseph ankeles
poppy arford,poppy t arford
maura pillsbury,maura h pillsbury
r winslow,r melissa winslow
anne graham,anne p graham
barbara bagshaw,barbara anne bagshaw
barbara bagshaw,barbara a bagshaw
mark cooper,mark c cooper
parnell terry,parnell william terry
christina mitchell,christina rue cork mitchell
amy kuhn,amy d kuhn
grayson lookner,grayson benjamin lookner
samuel zager,samuel lewis zager
yusuf yusuf,yusuf muse yusuf
matthew beck,matthew d beck
michelle boyer,michelle nicole boyer
michelle boyer,michelle n boyer
kelly murphy,kelly maureen noonan murphy
andrew gattine,andrew m gattine
morgan rielly,morgan j rielly
suzanne salisbury,suzanne m salisbury
russell white,russell patrick white
russell white,russell p white
lynn copeland,lynn holland copeland
ryan fecteau,ryan m fecteau
marc malon ii,marc g ii malon
marc malon ii,marc g malon ii
marc ii malon,marc g ii malon
marc ii malon,marc g malon ii
traci gere,traci l gere
rachel phipps,rachel mary phipps
michelle conners,michelle kathryn conners
john eder,john michael eder
charles tilburg,charles edward tilburg
nathan carlow,nathan m carlow
jonathan kinney,jonathan l kinney
jamie newton,jamie k newton
marc boisse,marc anthony boisse
john henkelman,john robert iii henkelman
john henkelman,john robert henkelman iii
eric small,eric h small
jeffrey adams,jeffrey sean adams
kristin davis,kristin tyra davis
caleb chase,caleb joseph chase
walter runte jr,walter gerard jr runte
bradley moulton,bradley s moulton
holly sargent,holly taylor sargent
holly sargent,holly t sargent
thomas lavigne,thomas arthur lavigne
mallory cook,mallory aaren cook
holly eaton,holly rae eaton
mark zimmer,mark frederick zimmer
mark zimmer,mark f zimmer
suzanne johnson,suzanne c johnson
nina milliken,nina azella milliken
nina milliken,nina a milliken
ronald russell,ronald b russell
steven matthew bishop,steven matthew iv bishop
steven matthew bishop,steven matthew bishop iv
steven bishop,steven matthew iv bishop
steven bishop,steven matthew bishop iv
steven bishop,steven matthew bishop
mathew mcintyre,mathew david mcintyre
richard campbell,richard h campbell
roland martin,roland daniel martin
roger albert,roger clarence albert
patrick jude,patrick a jude
frank casella,frank joseph casella
laura supica,laura danielle supica
colleen oneal,colleen t oneal
victoria kornfield,victoria porter kornfield
sean faircloth,sean f faircloth
james dill,james f dill
gordon street,gordon powell street
irene gifford,irene a gifford
nancy theriault,nancy jean theriault
james michaud,james michael michaud
david mccrea,david h mccrea
james white,james lee white
andrew torbett,andrew r torbett
shawn lancaster,shawn leroy lancaster
kenneth fredette,kenneth wade fredette
stacey guerin,stacey kay guerin
james thorne,james ernest thorne
james thorne,james e thorne
kimberly haggan,kimberly m haggan
alan orcutt,alan lee orcutt
reagan paul,reagan leeann paul
benjamin hymes,benjamin charles hymes
michael nicholson,michael j nicholson
timothy guerrette,timothy conrad guerrette
timothy guerrette,timothy c guerrette
d ray,d michael ray
joseph mclaughlin,joseph milton mclaughlin
joshua gerritsen,joshua d gerritsen
valli geiger,valli d geiger
peter jenks,peter q jenks
michael flanagan,michael sweeny flanagan
ray thombs jr,ray alden jr thombs
brady clark,brady alden clark
wayne farrin,wayne k farrin
chester grover iii,chester b iii grover
suzanne andresen,suzanne r andresen
nicolas hamlin,nicolas john hamlin
douglas carlisle jr,douglas colburn jr carlisle
david sinclair,david a sinclair
rafael macias,rafael leo macias
sally cluchey,sally jeane cluchey
david guilmette,david wayne guilmette
david guilmette,david w guilmette
richard goldman,richard marc goldman
michael lemelin,michael h lemelin
karen montell,karen l montell
randall greenwood,randall adam greenwood
tavis hasenfus,tavis rock hasenfus
lawrence bessey,lawrence e jr bessey
melanie tompkins,melanie ann tompkins
donald ardell,donald james ardell
william bridgeo,william raymond bridgeo
william bridgeo,william r bridgeo
alicia collins,alicia c collins
pamela swift,pamela jo swift
katrina smith,katrina j smith
paul flynn,paul r flynn
flavia debrito,flavia m debrito
shawn packard,shawn michael packard
cassie julia,cassie lynn julia
cassie julia,cassie l julia
matthew townsend,matthew channing townsend
shawn dixon,shawn m dixon
amanda collamore,amanda noelle collamore
jessica blanchard,jessica bonafine blanchard
dean cray,dean a cray
jantzen craine,jantzen stephen craine
jennifer poirier,jennifer lynn poirier
john ducharme iii,john e iii ducharme
john ducharme iii,john e ducharme iii
douglas thomas,douglas a thomas
michael soboleski,michael arthur soboleski
russell black,russell john black
h landry,h scott jr landry
randall gauvin,randall douglas gauvin
trevor doiron,trevor alex doiron
sheila lyman,sheila a lyman
tammy schmersalburgess,tammy l schmersalburgess
woodleigh hughes,woodleigh h hughes
rachel henderson,rachel a henderson
michael lance,michael j lance
tracy quint,tracy lynn quint
peter wood,peter conley wood
christopher lewey,christopher alfred lewey
caleb ness,caleb joshua ness
marygrace cimino,marygrace caroline cimino
cassandra dove,cassandra anne dove
rolf olsen jr,rolf arthur jr olsen
david boyer jr,david wayne jr boyer
david boyer jr,david wayne boyer jr
adam lee,adam r lee
arthur mingo,arthur k mingo
stephen wood,stephen j wood
julia mccabe,julia a g mccabe
scott harriman,scott a harriman
janet beaudoin,janet inger beaudoin
kerryl clement,kerryl lee clement
dale crafts,dale john crafts
kilton webb,kilton mccarthy webb
william st michel,william j st michel
guy lebida,guy m lebida
cheryl golek,cheryl a golek
vaughn mclaughlin,vaughn james mclaughlin
vaughn mclaughlin,vaughn j mclaughlin
david haggan,david g haggan
glenn curry,glenn chip curry
ryan otis,ryan christopher otis
ann matlack,ann higgins matlack
craig hickman,craig v hickman
kati mccormick,kati l mccormick
scott cyrway,scott wynn cyrway
scott cyrway,scott w cyrway
elizabeth bosworth,elizabeth d bosworth
peter southam,peter j southam
joseph martin,joseph edward martin
joseph martin,joseph e martin
harold stewart iii,harold trey l iii stewart
harold iii stewart,harold trey l iii stewart
michael scott,michael r scott
mana abdi,mana hared abdi
matthea daughtry,matthea elisabeth larsen daughtry
bernard porter,bernard robert porter
teresa pierce,teresa s pierce
timothy nangle,timothy e nangle
kenneth cianchette,kenneth james cianchette
peter violette,peter g violette
jill duson,jill c duson
rachel ross,rachel talbot ross
danny costain,danny e costain
joel stetkis,joel r stetkis
henry ingwersen,henry l ingwersen
matthew harrington,matthew a harrington
jonathan fallon,jonathan reed fallon
julie rakic,julie nicole rakic
joseph guerin,joseph paul guerin
chad perkins,chad richard perkins
zachary wood,zachary anders wood
robert sullebarger,robert finch sullebarger
kenneth davis,kenneth davis jr
nicole grohoski,nicole c grohoski
leo kenney,leo christopher kenney
amy roeder,amy j roeder
